売上日,売上№,得意先ｺｰﾄﾞ,売上分類
2020/12/29,88173,751,防災  
2020/12/29,88173,751,防災  
2020/12/28,88006,15,防災  
2020/12/28,88006,15,防災  
2020/12/28,88006,15,防災  
2020/12/28,88006,15,防災  
2020/12/28,88006,15,防災  
2020/12/28,88006,15,防災  
2020/12/28,88108,45,防災  
2020/12/28,88108,45,防災  
2020/12/28,88108,45,防災  
2020/12/28,88040,47,防災  
2020/12/28,88113,48,防災  
2020/12/28,88113,48,防災  
2020/12/28,88113,48,防災  
2020/12/28,88113,48,防災  
2020/12/28,88113,48,防災  
2020/12/28,88099,56,防災  
2020/12/28,88099,56,防災  
2020/12/28,87950,419,防災  
2020/12/28,87950,419,防災  
2020/12/28,87950,419,防災  
2020/12/28,87950,419,防災  
2020/12/28,87950,419,防災  
2020/12/28,87950,419,防災  
2020/12/28,87950,419,防災  
2020/12/28,87950,419,防災  
2020/12/28,87950,419,防災  
2020/12/28,87950,419,防災  
2020/12/28,87950,419,防災  
2020/12/28,88121,546,電気  
2020/12/28,88121,546,電気  
2020/12/28,88121,546,電気  
2020/12/28,88001,751,防災  
2020/12/28,88001,751,防災  
2020/12/28,88001,751,防災  
2020/12/28,88001,751,防災  
2020/12/28,88001,751,防災  
2020/12/28,88001,751,防災  
2020/12/28,88001,751,防災  
2020/12/28,88001,751,防災  
2020/12/28,88001,751,防災  
2020/12/28,88001,751,防災  
2020/12/28,88001,751,防災  
2020/12/28,88001,751,防災  
2020/12/28,88001,751,防災  
2020/12/28,88001,751,防災  
2020/12/28,88001,751,防災  
2020/12/28,88001,751,防災  
2020/12/28,88001,751,防災  
2020/12/28,88001,751,防災  
2020/12/28,88001,751,防災  
2020/12/28,88001,751,防災  
2020/12/28,88001,751,防災  
2020/12/28,88001,751,防災  
2020/12/28,88001,751,防災  
2020/12/28,88001,751,防災  
2020/12/28,88001,751,防災  
2020/12/28,88194,751,防災  
2020/12/28,88194,751,防災  
2020/12/28,87999,889,防災  
2020/12/28,87999,889,防災  
2020/12/25,88107,45,防災  
2020/12/25,88107,45,防災  
2020/12/25,88107,45,防災  
2020/12/25,88107,45,防災  
2020/12/25,88107,45,防災  
2020/12/25,88087,126,防災  
2020/12/25,88087,126,防災  
2020/12/25,88036,141,防災  
2020/12/25,88036,141,防災  
2020/12/25,88036,141,防災  
2020/12/25,88036,141,防災  
2020/12/25,88036,141,防災  
2020/12/25,88111,152,防災  
2020/12/25,88111,152,防災  
2020/12/25,88023,259,防災  
2020/12/25,88023,259,防災  
2020/12/25,88009,419,防災  
2020/12/25,88009,419,防災  
2020/12/25,87946,505,防災  
2020/12/25,87946,505,防災  
2020/12/24,88010,15,防災  
2020/12/24,88010,15,防災  
2020/12/24,88019,185,電気  
2020/12/24,88019,185,電気  
2020/12/24,88019,185,電気  
2020/12/24,88019,185,電気  
2020/12/24,88019,185,電気  
2020/12/24,88019,185,電気  
2020/12/24,88019,185,電気  
2020/12/24,87985,419,防災  
2020/12/24,87985,419,防災  
2020/12/24,88008,751,防災  
2020/12/24,88008,751,防災  
2020/12/24,88008,751,防災  
2020/12/24,88008,751,防災  
2020/12/24,88008,751,防災  
2020/12/24,88008,751,防災  
2020/12/24,88008,751,防災  
2020/12/24,88008,751,防災  
2020/12/24,88008,751,防災  
2020/12/24,88008,751,防災  
2020/12/24,88012,1055,電気  
2020/12/24,88012,1055,電気  
2020/12/23,88015,207,電気  
2020/12/23,88015,207,電気  
2020/12/22,87991,15,防災  
2020/12/22,87991,15,防災  
2020/12/22,88106,45,防災  
2020/12/22,88106,45,防災  
2020/12/22,88079,60,防災  
2020/12/22,88079,60,防災  
2020/12/22,88085,98,防災  
2020/12/22,88085,98,防災  
2020/12/22,88016,207,防災  
2020/12/22,88016,207,防災  
2020/12/22,87978,1067,防災  
2020/12/22,87978,1067,防災  
2020/12/22,87979,1067,防災  
2020/12/22,87979,1067,防災  
2020/12/21,87989,15,防災  
2020/12/21,87989,15,防災  
2020/12/21,87990,15,防災  
2020/12/21,87990,15,防災  
2020/12/21,88102,152,防災  
2020/12/21,88102,152,防災  
2020/12/21,88102,152,防災  
2020/12/21,88094,269,防災  
2020/12/21,88094,269,防災  
2020/12/21,88096,519,防災  
2020/12/21,88096,519,防災  
2020/12/20,87966,19,防災  
2020/12/20,87966,19,防災  
2020/12/20,87955,45,防災  
2020/12/20,87955,45,防災  
2020/12/20,87955,45,防災  
2020/12/20,87955,45,防災  
2020/12/20,87921,378,防災  
2020/12/20,87921,378,防災  
2020/12/20,87921,378,防災  
2020/12/20,87921,378,防災  
2020/12/20,87921,378,防災  
2020/12/20,87921,378,防災  
2020/12/20,87921,378,防災  
2020/12/20,87921,378,防災  
2020/12/20,87921,378,防災  
2020/12/20,87921,378,防災  
2020/12/20,87921,378,防災  
2020/12/20,87921,378,防災  
2020/12/20,87921,378,防災  
2020/12/20,87921,378,防災  
2020/12/20,87921,378,防災  
2020/12/20,87921,378,防災  
2020/12/20,87921,378,防災  
2020/12/20,87921,378,防災  
2020/12/20,87921,378,防災  
2020/12/20,87921,378,防災  
2020/12/20,87921,378,防災  
2020/12/20,87921,378,防災  
2020/12/20,87921,378,防災  
2020/12/20,87921,378,防災  
2020/12/20,87921,378,防災  
2020/12/20,87921,378,防災  
2020/12/20,87921,378,防災  
2020/12/20,87921,378,防災  
2020/12/20,87921,378,防災  
2020/12/20,87921,378,防災  
2020/12/20,87921,378,防災  
2020/12/20,87921,378,防災  
2020/12/20,87921,378,防災  
2020/12/20,87921,378,防災  
2020/12/20,87921,378,防災  
2020/12/20,87921,378,防災  
2020/12/20,87921,378,防災  
2020/12/20,87921,378,防災  
2020/12/20,87921,378,防災  
2020/12/20,87921,378,防災  
2020/12/20,87921,378,防災  
2020/12/20,87921,378,防災  
2020/12/20,87921,378,防災  
2020/12/20,87921,378,防災  
2020/12/20,87921,378,防災  
2020/12/20,87921,378,防災  
2020/12/20,87921,378,防災  
2020/12/20,87921,378,防災  
2020/12/20,87921,378,防災  
2020/12/20,87921,378,防災  
2020/12/20,87921,378,防災  
2020/12/20,87921,378,防災  
2020/12/20,87921,378,防災  
2020/12/20,87921,378,防災  
2020/12/20,87921,378,防災  
2020/12/20,87921,378,防災  
2020/12/20,87921,378,防災  
2020/12/20,87921,378,防災  
2020/12/20,87921,378,防災  
2020/12/20,87921,378,防災  
2020/12/20,87921,378,防災  
2020/12/20,87921,378,防災  
2020/12/20,87921,378,防災  
2020/12/20,87921,378,防災  
2020/12/20,87921,378,防災  
2020/12/20,87921,378,防災  
2020/12/20,87921,378,防災  
2020/12/20,87921,378,防災  
2020/12/20,87921,378,防災  
2020/12/20,87921,378,防災  
2020/12/20,87921,378,防災  
2020/12/20,87921,378,防災  
2020/12/20,87921,378,防災  
2020/12/20,87921,378,防災  
2020/12/20,87921,378,防災  
2020/12/20,87921,378,防災  
2020/12/20,87921,378,防災  
2020/12/20,87921,378,防災  
2020/12/20,87921,378,防災  
2020/12/20,87921,378,防災  
2020/12/20,87921,378,防災  
2020/12/20,87921,378,防災  
2020/12/20,87921,378,防災  
2020/12/20,87921,378,防災  
2020/12/20,87921,378,防災  
2020/12/20,87921,378,防災  
2020/12/20,87921,378,防災  
2020/12/20,87921,378,防災  
2020/12/20,87921,378,防災  
2020/12/20,87921,378,防災  
2020/12/20,87921,378,防災  
2020/12/20,87921,378,防災  
2020/12/20,87921,378,防災  
2020/12/20,87921,378,防災  
2020/12/20,87921,378,防災  
2020/12/20,87921,378,防災  
2020/12/20,87921,378,防災  
2020/12/20,87921,378,防災  
2020/12/20,87921,378,防災  
2020/12/20,87921,378,防災  
2020/12/20,87921,378,防災  
2020/12/20,87921,378,防災  
2020/12/20,87921,378,防災  
2020/12/20,87921,378,防災  
2020/12/20,87921,378,防災  
2020/12/20,87921,378,防災  
2020/12/20,87921,378,防災  
2020/12/20,87921,378,防災  
2020/12/20,87921,378,防災  
2020/12/20,87921,378,防災  
2020/12/20,87921,378,防災  
2020/12/20,87921,378,防災  
2020/12/20,87921,378,防災  
2020/12/20,87921,378,防災  
2020/12/20,87921,378,防災  
2020/12/20,87921,378,防災  
2020/12/20,87921,378,防災  
2020/12/20,87921,378,防災  
2020/12/20,87921,378,防災  
2020/12/20,87921,378,防災  
2020/12/20,87921,378,防災  
2020/12/20,87921,378,防災  
2020/12/20,87921,378,防災  
2020/12/20,87921,378,防災  
2020/12/20,87921,378,防災  
2020/12/20,87921,378,防災  
2020/12/20,87921,378,防災  
2020/12/20,87921,378,防災  
2020/12/20,87921,378,防災  
2020/12/20,87921,378,防災  
2020/12/20,87921,378,防災  
2020/12/20,87921,378,防災  
2020/12/20,87921,378,防災  
2020/12/20,87921,378,防災  
2020/12/20,87921,378,防災  
2020/12/20,87921,378,防災  
2020/12/20,87921,378,防災  
2020/12/20,87921,378,防災  
2020/12/20,87921,378,防災  
2020/12/20,87921,378,防災  
2020/12/20,87921,378,防災  
2020/12/20,87921,378,防災  
2020/12/20,87921,378,防災  
2020/12/20,87921,378,防災  
2020/12/20,87921,378,防災  
2020/12/20,87921,378,防災  
2020/12/20,87921,378,防災  
2020/12/20,87921,378,防災  
2020/12/20,87921,378,防災  
2020/12/20,87921,378,防災  
2020/12/20,87921,378,防災  
2020/12/20,87921,378,防災  
2020/12/20,87921,378,防災  
2020/12/20,87921,378,防災  
2020/12/20,87921,378,防災  
2020/12/20,87921,378,防災  
2020/12/20,87921,378,防災  
2020/12/20,87921,378,防災  
2020/12/20,87921,378,防災  
2020/12/20,87921,378,防災  
2020/12/20,87921,378,防災  
2020/12/20,87921,378,防災  
2020/12/20,87921,378,防災  
2020/12/20,87921,378,防災  
2020/12/20,87921,378,防災  
2020/12/20,87921,378,防災  
2020/12/20,87921,378,防災  
2020/12/20,87921,378,防災  
2020/12/20,87921,378,防災  
2020/12/20,87921,378,防災  
2020/12/20,87921,378,防災  
2020/12/20,87921,378,防災  
2020/12/20,87921,378,防災  
2020/12/20,87921,378,防災  
2020/12/20,87921,378,防災  
2020/12/20,87921,378,防災  
2020/12/20,87921,378,防災  
2020/12/20,87921,378,防災  
2020/12/20,87921,378,防災  
2020/12/20,87921,378,防災  
2020/12/20,87921,378,防災  
2020/12/20,87921,378,防災  
2020/12/20,87921,378,防災  
2020/12/20,87921,378,防災  
2020/12/20,87921,378,防災  
2020/12/20,87921,378,防災  
2020/12/20,87921,378,防災  
2020/12/20,87921,378,防災  
2020/12/20,87921,378,防災  
2020/12/20,87921,378,防災  
2020/12/20,87921,378,防災  
2020/12/20,87921,378,防災  
2020/12/20,87921,378,防災  
2020/12/20,87921,378,防災  
2020/12/20,87921,378,防災  
2020/12/20,87921,378,防災  
2020/12/20,87921,378,防災  
2020/12/20,87921,378,防災  
2020/12/20,87921,378,防災  
2020/12/20,87921,378,防災  
2020/12/20,87921,378,防災  
2020/12/20,87921,378,防災  
2020/12/20,87921,378,防災  
2020/12/20,87921,378,防災  
2020/12/20,87921,378,防災  
2020/12/20,87921,378,防災  
2020/12/20,87921,378,防災  
2020/12/20,87921,378,防災  
2020/12/20,87921,378,防災  
2020/12/20,87921,378,防災  
2020/12/20,87921,378,防災  
2020/12/20,87921,378,防災  
2020/12/20,87921,378,防災  
2020/12/20,87921,378,防災  
2020/12/20,87921,378,防災  
2020/12/20,87921,378,防災  
2020/12/20,87921,378,防災  
2020/12/20,87921,378,防災  
2020/12/20,87921,378,防災  
2020/12/20,87921,378,防災  
2020/12/20,87921,378,防災  
2020/12/20,87921,378,防災  
2020/12/20,87921,378,防災  
2020/12/20,87921,378,防災  
2020/12/20,87921,378,防災  
2020/12/20,87921,378,防災  
2020/12/20,87921,378,防災  
2020/12/20,87921,378,防災  
2020/12/20,87921,378,防災  
2020/12/20,87921,378,防災  
2020/12/20,87921,378,防災  
2020/12/20,87921,378,防災  
2020/12/20,87921,378,防災  
2020/12/20,87921,378,防災  
2020/12/20,87921,378,防災  
2020/12/20,87921,378,防災  
2020/12/20,87921,378,防災  
2020/12/20,87921,378,防災  
2020/12/20,87921,378,防災  
2020/12/20,87921,378,防災  
2020/12/20,87921,378,防災  
2020/12/20,87921,378,防災  
2020/12/20,87921,378,防災  
2020/12/20,87921,378,防災  
2020/12/20,87921,378,防災  
2020/12/20,87921,378,防災  
2020/12/20,87921,378,防災  
2020/12/20,87921,378,防災  
2020/12/20,87921,378,防災  
2020/12/20,87921,378,防災  
2020/12/20,87921,378,防災  
2020/12/20,87921,378,防災  
2020/12/20,87921,378,防災  
2020/12/20,87921,378,防災  
2020/12/20,87921,378,防災  
2020/12/20,87921,378,防災  
2020/12/20,87921,378,防災  
2020/12/19,87953,45,防災  
2020/12/19,87953,45,防災  
2020/12/19,88037,437,防災  
2020/12/19,88037,437,防災  
2020/12/18,88051,38,防災  
2020/12/18,88051,38,防災  
2020/12/18,88105,45,防災  
2020/12/18,88105,45,防災  
2020/12/18,88347,135,防災  
2020/12/18,88346,203,防災  
2020/12/17,87965,17,電気  
2020/12/17,87965,17,電気  
2020/12/17,88147,320,防災  
2020/12/17,88147,320,防災  
2020/12/17,88000,639,防災  
2020/12/17,88000,639,防災  
2020/12/17,88020,834,防災  
2020/12/17,88020,834,防災  
2020/12/16,87974,354,防災  
2020/12/16,88236,578,防災  
2020/12/16,88236,578,防災  
2020/12/16,87962,586,電気  
2020/12/16,88086,844,防災  
2020/12/15,87964,546,電気  
2020/12/15,87964,546,電気  
2020/12/15,87923,634,電気  
2020/12/15,87923,634,電気  
2020/12/15,87923,634,電気  
2020/12/15,87924,634,電気  
2020/12/15,87924,634,電気  
2020/12/15,87924,634,電気  
2020/12/15,87924,634,電気  
2020/12/15,87924,634,電気  
2020/12/15,87924,634,電気  
2020/12/15,87924,634,電気  
2020/12/15,87924,634,電気  
2020/12/15,87924,634,電気  
2020/12/15,87924,634,電気  
2020/12/15,87924,634,電気  
2020/12/15,87924,634,電気  
2020/12/15,87924,634,電気  
2020/12/15,87924,634,電気  
2020/12/15,87925,634,電気  
2020/12/15,87925,634,電気  
2020/12/15,87926,634,電気  
2020/12/15,87926,634,電気  
2020/12/15,87926,634,電気  
2020/12/15,87926,634,電気  
2020/12/15,87926,634,電気  
2020/12/15,87926,634,電気  
2020/12/15,87926,634,電気  
2020/12/15,87926,634,電気  
2020/12/15,87926,634,電気  
2020/12/15,87926,634,電気  
2020/12/15,87926,634,電気  
2020/12/15,87926,634,電気  
2020/12/15,87926,634,電気  
2020/12/15,87926,634,電気  
2020/12/15,88235,972,防災  
2020/12/15,88235,972,防災  
2020/12/15,87994,1055,電気  
2020/12/15,87994,1055,電気  
2020/12/14,87936,45,防災  
2020/12/14,87936,45,防災  
2020/12/14,87915,652,防災  
2020/12/14,87915,652,防災  
2020/12/14,88441,882,防災  
2020/12/11,88017,207,電気  
2020/12/11,88017,207,電気  
2020/12/11,88026,259,電気  
2020/12/11,88026,259,電気  
2020/12/10,88011,15,防災  
2020/12/10,88011,15,防災  
2020/12/10,88011,15,防災  
2020/12/10,87958,21,防災  
2020/12/10,87958,21,防災  
2020/12/10,87947,48,電気  
2020/12/10,87947,48,電気  
2020/12/10,87947,48,電気  
2020/12/10,87947,48,電気  
2020/12/10,87947,48,電気  
2020/12/10,87947,48,電気  
2020/12/10,87947,48,電気  
2020/12/10,87947,48,電気  
2020/12/10,87947,48,電気  
2020/12/10,87947,48,電気  
2020/12/10,87947,48,電気  
2020/12/10,87947,48,電気  
2020/12/10,87970,292,防災  
2020/12/10,87970,292,防災  
2020/12/10,87984,419,防災  
2020/12/10,87984,419,防災  
2020/12/10,88034,616,電気  
2020/12/10,88034,616,電気  
2020/12/10,88035,616,電気  
2020/12/10,88035,616,電気  
2020/12/10,87969,762,防災  
2020/12/9,87940,35,防災  
2020/12/9,87940,35,防災  
2020/12/9,87940,35,防災  
2020/12/9,87938,36,防災  
2020/12/9,87938,36,防災  
2020/12/9,87938,36,防災  
2020/12/9,87935,45,防災  
2020/12/9,87935,45,防災  
2020/12/9,87909,71,防災  
2020/12/9,87909,71,防災  
2020/12/9,87967,433,電気  
2020/12/9,87967,433,電気  
2020/12/8,87933,45,防災  
2020/12/8,87933,45,防災  
2020/12/8,87939,152,防災  
2020/12/8,87939,152,防災  
2020/12/8,87939,152,防災  
2020/12/8,87995,728,防災  
2020/12/8,87995,728,防災  
2020/12/5,87977,630,防災  
2020/12/5,87977,630,防災  
2020/12/4,88002,751,防災  
2020/12/4,88002,751,防災  
2020/12/4,88004,751,防災  
2020/12/4,88004,751,防災  
2020/12/4,88083,993,電気  
2020/12/4,88083,993,電気  
2020/12/4,88083,993,電気  
2020/12/3,88018,889,防災  
2020/12/3,88018,889,防災  
2020/12/2,87931,45,防災  
2020/12/2,87931,45,防災  
2020/12/2,87931,45,防災  
2020/12/2,87932,45,防災  
2020/12/2,87932,45,防災  
2020/12/2,87932,45,防災  
2020/12/2,88025,259,電気  
2020/12/2,88025,259,電気  
2020/12/2,87945,279,防災  
2020/12/2,87945,279,防災  
2020/12/1,87988,15,防災  
2020/12/1,87988,15,防災  
2020/12/1,87988,15,防災  
2020/12/1,88021,728,防災  
2020/12/1,88021,728,防災  
2020/12/1,88005,751,防災  
2020/12/1,88005,751,防災  
2020/11/30,87859,15,防災  
2020/11/30,87859,15,防災  
2020/11/30,87859,15,防災  
2020/11/30,87859,15,防災  
2020/11/30,87859,15,防災  
2020/11/30,87859,15,防災  
2020/11/30,87859,15,防災  
2020/11/30,87859,15,防災  
2020/11/30,87894,15,防災  
2020/11/30,87894,15,防災  
2020/11/30,87930,45,防災  
2020/11/30,87930,45,防災  
2020/11/30,87884,207,防災  
2020/11/30,87904,363,電気  
2020/11/30,87904,363,電気  
2020/11/30,87904,363,電気  
2020/11/30,87849,419,防災  
2020/11/30,87849,419,防災  
2020/11/30,87849,419,防災  
2020/11/30,87849,419,防災  
2020/11/30,87849,419,防災  
2020/11/30,87849,419,防災  
2020/11/30,87849,419,防災  
2020/11/30,87849,419,防災  
2020/11/30,87899,650,防災  
2020/11/30,87899,650,防災  
2020/11/30,87899,650,防災  
2020/11/30,87899,650,防災  
2020/11/30,87899,650,防災  
2020/11/30,87851,751,防災  
2020/11/30,87851,751,防災  
2020/11/30,87851,751,防災  
2020/11/30,87851,751,防災  
2020/11/30,87851,751,防災  
2020/11/30,87851,751,防災  
2020/11/30,87851,751,防災  
2020/11/30,87851,751,防災  
2020/11/30,87851,751,防災  
2020/11/30,87851,751,防災  
2020/11/30,87856,751,防災  
2020/11/30,87856,751,防災  
2020/11/30,87856,751,防災  
2020/11/30,87857,751,防災  
2020/11/30,87857,751,防災  
2020/11/30,87903,751,防災  
2020/11/30,87903,751,防災  
2020/11/30,87903,751,防災  
2020/11/30,87903,751,防災  
2020/11/30,87903,751,防災  
2020/11/30,87906,751,防災  
2020/11/30,87906,751,防災  
2020/11/30,87907,751,防災  
2020/11/30,87907,751,防災  
2020/11/30,87908,751,防災  
2020/11/30,87908,751,防災  
2020/11/30,87879,764,防災  
2020/11/30,87876,889,防災  
2020/11/30,87876,889,防災  
2020/11/30,87916,1065,防災  
2020/11/30,87916,1065,防災  
2020/11/30,87916,1065,防災  
2020/11/29,87948,38,防災  
2020/11/29,87948,38,防災  
2020/11/29,87929,45,防災  
2020/11/29,87929,45,防災  
2020/11/28,87928,45,防災  
2020/11/28,87928,45,防災  
2020/11/28,87928,45,防災  
2020/11/28,87937,126,防災  
2020/11/28,87937,126,防災  
2020/11/28,87891,1055,防災  
2020/11/28,87891,1055,防災  
2020/11/27,87892,15,防災  
2020/11/27,87892,15,防災  
2020/11/27,87922,148,防災  
2020/11/27,87922,148,防災  
2020/11/27,87943,152,防災  
2020/11/27,87943,152,防災  
2020/11/27,87944,152,防災  
2020/11/27,87944,152,防災  
2020/11/27,87944,152,防災  
2020/11/27,87944,152,防災  
2020/11/27,87971,519,防災  
2020/11/27,87971,519,防災  
2020/11/27,87853,751,防災  
2020/11/27,87853,751,防災  
2020/11/27,87913,1064,防災  
2020/11/27,87913,1064,防災  
2020/11/27,87913,1064,防災  
2020/11/27,87913,1064,防災  
2020/11/26,87887,259,電気  
2020/11/26,87887,259,電気  
2020/11/26,87941,881,防災  
2020/11/26,87941,881,防災  
2020/11/26,87941,881,防災  
2020/11/25,87952,45,防災  
2020/11/25,87952,45,防災  
2020/11/25,87942,60,防災  
2020/11/25,87942,60,防災  
2020/11/25,87847,505,防災  
2020/11/25,87847,505,防災  
2020/11/25,87963,546,防災  
2020/11/25,87963,546,防災  
2020/11/24,88089,138,防災  
2020/11/24,88089,138,防災  
2020/11/24,88003,751,防災  
2020/11/24,88003,751,防災  
2020/11/24,87980,857,防災  
2020/11/21,87927,45,防災  
2020/11/21,87927,45,防災  
2020/11/21,87880,851,防災  
2020/11/20,87808,45,防災  
2020/11/20,87808,45,防災  
2020/11/20,87808,45,防災  
2020/11/20,87808,45,防災  
2020/11/20,87784,378,防災  
2020/11/20,87784,378,防災  
2020/11/20,87784,378,防災  
2020/11/20,87784,378,防災  
2020/11/20,87784,378,防災  
2020/11/20,87784,378,防災  
2020/11/20,87784,378,防災  
2020/11/20,87784,378,防災  
2020/11/20,87784,378,防災  
2020/11/20,87784,378,防災  
2020/11/20,87784,378,防災  
2020/11/20,87784,378,防災  
2020/11/20,87784,378,防災  
2020/11/20,87784,378,防災  
2020/11/20,87784,378,防災  
2020/11/20,87784,378,防災  
2020/11/20,87784,378,防災  
2020/11/20,87784,378,防災  
2020/11/20,87784,378,防災  
2020/11/20,87784,378,防災  
2020/11/20,87784,378,防災  
2020/11/20,87784,378,防災  
2020/11/20,87784,378,防災  
2020/11/20,87784,378,防災  
2020/11/20,87784,378,防災  
2020/11/20,87784,378,防災  
2020/11/20,87784,378,防災  
2020/11/20,87784,378,防災  
2020/11/20,87784,378,防災  
2020/11/20,87784,378,防災  
2020/11/20,87784,378,防災  
2020/11/20,87784,378,防災  
2020/11/20,87784,378,防災  
2020/11/20,87784,378,防災  
2020/11/20,87784,378,防災  
2020/11/20,87784,378,防災  
2020/11/20,87784,378,防災  
2020/11/20,87784,378,防災  
2020/11/20,87784,378,防災  
2020/11/20,87784,378,防災  
2020/11/20,87784,378,防災  
2020/11/20,87784,378,防災  
2020/11/20,87784,378,防災  
2020/11/20,87784,378,防災  
2020/11/20,87784,378,防災  
2020/11/20,87784,378,防災  
2020/11/20,87784,378,防災  
2020/11/20,87784,378,防災  
2020/11/20,87784,378,防災  
2020/11/20,87784,378,防災  
2020/11/20,87784,378,防災  
2020/11/20,87784,378,防災  
2020/11/20,87784,378,防災  
2020/11/20,87784,378,防災  
2020/11/20,87784,378,防災  
2020/11/20,87784,378,防災  
2020/11/20,87784,378,防災  
2020/11/20,87784,378,防災  
2020/11/20,87784,378,防災  
2020/11/20,87784,378,防災  
2020/11/20,87784,378,防災  
2020/11/20,87784,378,防災  
2020/11/20,87784,378,防災  
2020/11/20,87784,378,防災  
2020/11/20,87784,378,防災  
2020/11/20,87784,378,防災  
2020/11/20,87784,378,防災  
2020/11/20,87784,378,防災  
2020/11/20,87784,378,防災  
2020/11/20,87784,378,防災  
2020/11/20,87784,378,防災  
2020/11/20,87784,378,防災  
2020/11/20,87784,378,防災  
2020/11/20,87784,378,防災  
2020/11/20,87784,378,防災  
2020/11/20,87784,378,防災  
2020/11/20,87784,378,防災  
2020/11/20,87784,378,防災  
2020/11/20,87784,378,防災  
2020/11/20,87784,378,防災  
2020/11/20,87784,378,防災  
2020/11/20,87784,378,防災  
2020/11/20,87784,378,防災  
2020/11/20,87784,378,防災  
2020/11/20,87784,378,防災  
2020/11/20,87784,378,防災  
2020/11/20,87784,378,防災  
2020/11/20,87784,378,防災  
2020/11/20,87784,378,防災  
2020/11/20,87784,378,防災  
2020/11/20,87784,378,防災  
2020/11/20,87784,378,防災  
2020/11/20,87784,378,防災  
2020/11/20,87784,378,防災  
2020/11/20,87784,378,防災  
2020/11/20,87784,378,防災  
2020/11/20,87784,378,防災  
2020/11/20,87784,378,防災  
2020/11/20,87784,378,防災  
2020/11/20,87784,378,防災  
2020/11/20,87784,378,防災  
2020/11/20,87784,378,防災  
2020/11/20,87784,378,防災  
2020/11/20,87784,378,防災  
2020/11/20,87784,378,防災  
2020/11/20,87784,378,防災  
2020/11/20,87784,378,防災  
2020/11/20,87784,378,防災  
2020/11/20,87784,378,防災  
2020/11/20,87784,378,防災  
2020/11/20,87784,378,防災  
2020/11/20,87784,378,防災  
2020/11/20,87784,378,防災  
2020/11/20,87784,378,防災  
2020/11/20,87784,378,防災  
2020/11/20,87784,378,防災  
2020/11/20,87784,378,防災  
2020/11/20,87784,378,防災  
2020/11/20,87784,378,防災  
2020/11/20,87784,378,防災  
2020/11/20,87784,378,防災  
2020/11/20,87784,378,防災  
2020/11/20,87784,378,防災  
2020/11/20,87784,378,防災  
2020/11/20,87784,378,防災  
2020/11/20,87784,378,防災  
2020/11/20,87784,378,防災  
2020/11/20,87784,378,防災  
2020/11/20,87784,378,防災  
2020/11/20,87784,378,防災  
2020/11/20,87784,378,防災  
2020/11/20,87784,378,防災  
2020/11/20,87784,378,防災  
2020/11/20,87784,378,防災  
2020/11/20,87784,378,防災  
2020/11/20,87784,378,防災  
2020/11/20,87784,378,防災  
2020/11/20,87784,378,防災  
2020/11/20,87784,378,防災  
2020/11/20,87784,378,防災  
2020/11/20,87784,378,防災  
2020/11/20,87784,378,防災  
2020/11/20,87784,378,防災  
2020/11/20,87784,378,防災  
2020/11/20,87784,378,防災  
2020/11/20,87784,378,防災  
2020/11/20,87784,378,防災  
2020/11/20,87784,378,防災  
2020/11/20,87784,378,防災  
2020/11/20,87784,378,防災  
2020/11/20,87784,378,防災  
2020/11/20,87784,378,防災  
2020/11/20,87784,378,防災  
2020/11/20,87784,378,防災  
2020/11/20,87784,378,防災  
2020/11/20,87784,378,防災  
2020/11/20,87784,378,防災  
2020/11/20,87784,378,防災  
2020/11/20,87784,378,防災  
2020/11/20,87784,378,防災  
2020/11/20,87784,378,防災  
2020/11/20,87784,378,防災  
2020/11/20,87784,378,防災  
2020/11/20,87784,378,防災  
2020/11/20,87784,378,防災  
2020/11/20,87784,378,防災  
2020/11/20,87784,378,防災  
2020/11/20,87784,378,防災  
2020/11/20,87784,378,防災  
2020/11/20,87784,378,防災  
2020/11/20,87784,378,防災  
2020/11/20,87784,378,防災  
2020/11/20,87784,378,防災  
2020/11/20,87784,378,防災  
2020/11/20,87784,378,防災  
2020/11/20,87784,378,防災  
2020/11/20,87784,378,防災  
2020/11/20,87784,378,防災  
2020/11/20,87784,378,防災  
2020/11/20,87784,378,防災  
2020/11/20,87784,378,防災  
2020/11/20,87784,378,防災  
2020/11/20,87784,378,防災  
2020/11/20,87784,378,防災  
2020/11/20,87784,378,防災  
2020/11/20,87784,378,防災  
2020/11/20,87784,378,防災  
2020/11/20,87784,378,防災  
2020/11/20,87784,378,防災  
2020/11/20,87784,378,防災  
2020/11/20,87784,378,防災  
2020/11/20,87784,378,防災  
2020/11/20,87784,378,防災  
2020/11/20,87784,378,防災  
2020/11/20,87784,378,防災  
2020/11/20,87784,378,防災  
2020/11/20,87784,378,防災  
2020/11/20,87784,378,防災  
2020/11/20,87784,378,防災  
2020/11/20,87784,378,防災  
2020/11/20,87784,378,防災  
2020/11/20,87784,378,防災  
2020/11/20,87784,378,防災  
2020/11/20,87784,378,防災  
2020/11/20,87784,378,防災  
2020/11/20,87784,378,防災  
2020/11/20,87784,378,防災  
2020/11/20,87784,378,防災  
2020/11/20,87784,378,防災  
2020/11/20,87784,378,防災  
2020/11/20,87784,378,防災  
2020/11/20,87784,378,防災  
2020/11/20,87784,378,防災  
2020/11/20,87784,378,防災  
2020/11/20,87784,378,防災  
2020/11/20,87784,378,防災  
2020/11/20,87784,378,防災  
2020/11/20,87784,378,防災  
2020/11/20,87784,378,防災  
2020/11/20,87784,378,防災  
2020/11/20,87784,378,防災  
2020/11/20,87784,378,防災  
2020/11/20,87784,378,防災  
2020/11/20,87784,378,防災  
2020/11/20,87784,378,防災  
2020/11/20,87784,378,防災  
2020/11/20,87784,378,防災  
2020/11/20,87784,378,防災  
2020/11/20,87784,378,防災  
2020/11/20,87784,378,防災  
2020/11/20,87784,378,防災  
2020/11/20,87784,378,防災  
2020/11/20,87784,378,防災  
2020/11/20,87784,378,防災  
2020/11/20,87784,378,防災  
2020/11/20,87784,378,防災  
2020/11/20,87784,378,防災  
2020/11/20,87784,378,防災  
2020/11/20,87784,378,防災  
2020/11/20,87784,378,防災  
2020/11/20,87784,378,防災  
2020/11/20,87784,378,防災  
2020/11/20,87784,378,防災  
2020/11/20,87784,378,防災  
2020/11/20,87784,378,防災  
2020/11/20,87784,378,防災  
2020/11/20,87784,378,防災  
2020/11/20,87784,378,防災  
2020/11/20,87784,378,防災  
2020/11/20,87784,378,防災  
2020/11/20,87784,378,防災  
2020/11/20,87784,378,防災  
2020/11/20,87784,378,防災  
2020/11/20,87784,378,防災  
2020/11/20,87784,378,防災  
2020/11/20,87784,378,防災  
2020/11/20,87784,378,防災  
2020/11/20,87844,438,防災  
2020/11/20,87844,438,防災  
2020/11/20,87841,546,防災  
2020/11/20,87841,546,防災  
2020/11/20,87835,652,防災  
2020/11/20,87835,652,防災  
2020/11/20,87838,652,防災  
2020/11/20,87838,652,防災  
2020/11/19,87863,15,防災  
2020/11/19,87863,15,防災  
2020/11/19,87863,15,防災  
2020/11/19,87863,15,防災  
2020/11/19,87890,15,防災  
2020/11/19,87890,15,防災  
2020/11/19,87890,15,防災  
2020/11/19,87890,15,防災  
2020/11/19,87898,28,防災  
2020/11/19,87898,28,防災  
2020/11/19,87898,28,防災  
2020/11/19,87898,28,防災  
2020/11/19,87898,28,防災  
2020/11/19,87898,28,防災  
2020/11/19,87898,28,防災  
2020/11/19,87898,28,防災  
2020/11/19,87898,28,防災  
2020/11/19,87805,45,防災  
2020/11/19,87805,45,防災  
2020/11/19,87983,1068,防災  
2020/11/18,87860,15,防災  
2020/11/18,87860,15,防災  
2020/11/18,87860,15,防災  
2020/11/18,87861,15,防災  
2020/11/18,87861,15,防災  
2020/11/18,87866,15,防災  
2020/11/18,87866,15,防災  
2020/11/18,87878,338,電気  
2020/11/18,87878,338,電気  
2020/11/18,87878,338,電気  
2020/11/18,87878,338,電気  
2020/11/18,87878,338,電気  
2020/11/18,87845,438,防災  
2020/11/18,87845,438,防災  
2020/11/18,87846,438,防災  
2020/11/18,87846,438,防災  
2020/11/17,87895,141,防災  
2020/11/17,87895,141,防災  
2020/11/17,87895,141,防災  
2020/11/17,87895,141,防災  
2020/11/17,87895,141,防災  
2020/11/17,87895,141,防災  
2020/11/17,87895,141,防災  
2020/11/17,87895,141,防災  
2020/11/17,87895,141,防災  
2020/11/17,87895,141,防災  
2020/11/17,87895,141,防災  
2020/11/17,87885,202,防災  
2020/11/17,87885,202,防災  
2020/11/17,87885,202,防災  
2020/11/17,87885,202,防災  
2020/11/17,87885,202,防災  
2020/11/17,87850,419,防災  
2020/11/17,87850,419,防災  
2020/11/16,87865,15,防災  
2020/11/16,87865,15,防災  
2020/11/16,87810,152,防災  
2020/11/16,87810,152,防災  
2020/11/16,87811,152,防災  
2020/11/16,87811,152,防災  
2020/11/16,87812,152,防災  
2020/11/16,87812,152,防災  
2020/11/16,87840,546,防災  
2020/11/14,87862,15,防災  
2020/11/14,87862,15,防災  
2020/11/14,87867,15,防災  
2020/11/14,87867,15,防災  
2020/11/14,87867,15,防災  
2020/11/14,87867,15,防災  
2020/11/14,87867,15,防災  
2020/11/14,87867,15,防災  
2020/11/14,87826,173,防災  
2020/11/14,87826,173,防災  
2020/11/14,87819,279,防災  
2020/11/14,87819,279,防災  
2020/11/14,87896,616,防災  
2020/11/14,87896,616,防災  
2020/11/14,87896,616,防災  
2020/11/14,87896,616,防災  
2020/11/14,87896,616,防災  
2020/11/14,87896,616,防災  
2020/11/14,87896,616,防災  
2020/11/14,87896,616,防災  
2020/11/14,87896,616,防災  
2020/11/13,87888,437,防災  
2020/11/13,87888,437,防災  
2020/11/13,87888,437,防災  
2020/11/13,87888,437,防災  
2020/11/12,87818,19,防災  
2020/11/12,87818,19,防災  
2020/11/12,87824,48,電気  
2020/11/12,87824,48,電気  
2020/11/12,87824,48,電気  
2020/11/12,87824,48,電気  
2020/11/12,87883,207,防災  
2020/11/12,87883,207,防災  
2020/11/12,87794,972,防災  
2020/11/12,87794,972,防災  
2020/11/12,87794,972,防災  
2020/11/11,87781,1061,防災  
2020/11/7,87864,15,防災  
2020/11/7,87864,15,防災  
2020/11/7,87830,38,防災  
2020/11/7,87830,38,防災  
2020/11/7,87830,38,防災  
2020/11/7,87831,38,防災  
2020/11/7,87831,38,防災  
2020/11/7,87831,38,防災  
2020/11/7,87877,363,電気  
2020/11/7,87877,363,電気  
2020/11/6,87804,45,防災  
2020/11/6,87804,45,防災  
2020/11/6,87897,141,防災  
2020/11/6,87897,141,防災  
2020/11/6,87897,141,防災  
2020/11/6,87897,141,防災  
2020/11/6,87897,141,防災  
2020/11/6,87897,141,防災  
2020/11/6,87897,141,防災  
2020/11/6,87897,141,防災  
2020/11/6,87897,141,防災  
2020/11/6,87897,141,防災  
2020/11/6,87852,751,防災  
2020/11/6,87852,751,防災  
2020/11/6,87852,751,防災  
2020/11/6,87852,751,防災  
2020/11/5,87774,131,防災  
2020/11/5,87774,131,防災  
2020/11/5,87774,131,防災  
2020/11/5,87886,259,防災  
2020/11/5,87886,259,防災  
2020/11/5,88088,581,防災  
2020/11/5,88088,581,防災  
2020/11/5,87854,751,防災  
2020/11/5,87854,751,防災  
2020/11/4,87771,131,防災  
2020/11/4,87771,131,防災  
2020/11/4,87813,152,防災  
2020/11/4,87813,152,防災  
2020/11/4,87813,152,防災  
2020/11/4,87813,152,防災  
2020/11/4,87889,751,防災  
2020/11/4,87889,751,防災  
2020/11/2,87778,15,防災  
2020/11/2,87778,15,防災  
2020/11/2,87993,432,防災  
2020/11/2,87993,432,防災  
2020/11/2,87992,762,防災  
2020/10/31,87755,96,電気  
2020/10/31,87755,96,電気  
2020/10/31,87755,96,電気  
2020/10/31,87755,96,電気  
2020/10/31,87755,96,電気  
2020/10/31,87755,96,電気  
2020/10/31,87756,96,電気  
2020/10/31,87756,96,電気  
2020/10/31,87756,96,電気  
2020/10/31,87756,96,電気  
2020/10/31,87756,96,電気  
2020/10/31,87833,126,防災  
2020/10/31,87833,126,防災  
2020/10/31,87834,279,防災  
2020/10/31,87834,279,防災  
2020/10/31,87729,751,防災  
2020/10/31,87729,751,防災  
2020/10/31,87745,751,防災  
2020/10/31,87745,751,防災  
2020/10/31,87745,751,防災  
2020/10/31,87745,751,防災  
2020/10/31,87745,751,防災  
2020/10/31,87745,751,防災  
2020/10/31,87745,751,防災  
2020/10/31,87745,751,防災  
2020/10/31,87745,751,防災  
2020/10/31,87745,751,防災  
2020/10/31,87745,751,防災  
2020/10/31,87745,751,防災  
2020/10/31,87745,751,防災  
2020/10/31,87745,751,防災  
2020/10/31,87745,751,防災  
2020/10/31,87745,751,防災  
2020/10/31,87745,751,防災  
2020/10/31,87745,751,防災  
2020/10/31,87745,751,防災  
2020/10/31,87745,751,防災  
2020/10/31,87745,751,防災  
2020/10/31,87745,751,防災  
2020/10/31,87745,751,防災  
2020/10/31,87744,889,防災  
2020/10/31,87744,889,防災  
2020/10/30,87801,45,防災  
2020/10/30,87801,45,防災  
2020/10/30,87802,45,防災  
2020/10/30,87802,45,防災  
2020/10/30,87803,45,防災  
2020/10/30,87803,45,防災  
2020/10/30,87757,419,防災  
2020/10/30,87757,419,防災  
2020/10/30,87758,419,防災  
2020/10/30,87758,419,防災  
2020/10/30,87868,436,防災  
2020/10/30,87868,436,防災  
2020/10/30,87868,436,防災  
2020/10/30,87753,751,防災  
2020/10/30,87753,751,防災  
2020/10/30,87754,751,防災  
2020/10/30,87754,751,防災  
2020/10/29,87800,19,防災  
2020/10/29,87870,42,防災  
2020/10/29,87870,42,防災  
2020/10/29,87874,332,防災  
2020/10/29,87723,419,防災  
2020/10/29,87723,419,防災  
2020/10/29,87720,705,電気  
2020/10/29,87720,705,電気  
2020/10/29,87814,881,防災  
2020/10/29,87814,881,防災  
2020/10/29,87814,881,防災  
2020/10/28,87821,582,電気  
2020/10/28,87821,582,電気  
2020/10/28,87855,751,防災  
2020/10/28,87855,751,防災  
2020/10/28,87872,876,防災  
2020/10/28,87872,876,防災  
2020/10/28,87873,876,防災  
2020/10/28,87873,876,防災  
2020/10/27,87832,48,防災  
2020/10/27,87832,48,防災  
2020/10/27,87832,48,防災  
2020/10/27,87750,207,防災  
2020/10/26,87837,38,防災  
2020/10/26,87837,38,防災  
2020/10/26,87825,48,電気  
2020/10/26,87825,48,電気  
2020/10/26,87825,48,電気  
2020/10/26,87825,48,電気  
2020/10/26,87825,48,電気  
2020/10/26,87825,48,電気  
2020/10/26,87825,48,電気  
2020/10/26,87825,48,電気  
2020/10/26,87825,48,電気  
2020/10/26,87825,48,電気  
2020/10/26,87689,1057,防災  
2020/10/26,87689,1057,防災  
2020/10/25,87672,505,防災  
2020/10/25,87672,505,防災  
2020/10/25,87776,505,防災  
2020/10/25,87776,505,防災  
2020/10/25,87776,505,防災  
2020/10/25,87776,505,防災  
2020/10/25,87776,505,防災  
2020/10/24,87713,15,防災  
2020/10/24,87713,15,防災  
2020/10/24,87843,279,電気  
2020/10/24,87843,279,電気  
2020/10/24,87724,751,防災  
2020/10/24,87724,751,防災  
2020/10/23,87719,1055,防災  
2020/10/23,87719,1055,防災  
2020/10/23,87694,1059,防災  
2020/10/23,87694,1059,防災  
2020/10/23,87695,1059,防災  
2020/10/23,87695,1059,防災  
2020/10/23,87696,1059,防災  
2020/10/23,87696,1059,防災  
2020/10/23,87696,1059,防災  
2020/10/23,87696,1059,防災  
2020/10/23,87696,1059,防災  
2020/10/23,87696,1059,防災  
2020/10/23,87696,1059,防災  
2020/10/23,87696,1059,防災  
2020/10/23,87696,1059,防災  
2020/10/23,87696,1059,防災  
2020/10/23,87696,1059,防災  
2020/10/22,87706,15,防災  
2020/10/22,87706,15,防災  
2020/10/22,87706,15,防災  
2020/10/22,87707,15,防災  
2020/10/22,87707,15,防災  
2020/10/22,87710,15,防災  
2020/10/22,87710,15,防災  
2020/10/22,87752,15,防災  
2020/10/22,87752,15,防災  
2020/10/22,87717,452,防災  
2020/10/22,87717,452,防災  
2020/10/22,87822,630,防災  
2020/10/22,87822,630,防災  
2020/10/22,87747,751,防災  
2020/10/22,87747,751,防災  
2020/10/22,87748,751,防災  
2020/10/22,87748,751,防災  
2020/10/22,87687,1013,防災  
2020/10/22,87687,1013,防災  
2020/10/21,87792,325,防災  
2020/10/21,87792,325,防災  
2020/10/20,87714,15,防災  
2020/10/20,87714,15,防災  
2020/10/20,87684,45,防災  
2020/10/20,87684,45,防災  
2020/10/20,87684,45,防災  
2020/10/20,87684,45,防災  
2020/10/20,87674,279,電気  
2020/10/20,87674,279,電気  
2020/10/20,87682,292,防災  
2020/10/20,87682,292,防災  
2020/10/20,87667,378,防災  
2020/10/20,87667,378,防災  
2020/10/20,87667,378,防災  
2020/10/20,87667,378,防災  
2020/10/20,87667,378,防災  
2020/10/20,87667,378,防災  
2020/10/20,87667,378,防災  
2020/10/20,87667,378,防災  
2020/10/20,87667,378,防災  
2020/10/20,87667,378,防災  
2020/10/20,87667,378,防災  
2020/10/20,87667,378,防災  
2020/10/20,87667,378,防災  
2020/10/20,87667,378,防災  
2020/10/20,87667,378,防災  
2020/10/20,87667,378,防災  
2020/10/20,87667,378,防災  
2020/10/20,87667,378,防災  
2020/10/20,87667,378,防災  
2020/10/20,87667,378,防災  
2020/10/20,87667,378,防災  
2020/10/20,87667,378,防災  
2020/10/20,87667,378,防災  
2020/10/20,87667,378,防災  
2020/10/20,87667,378,防災  
2020/10/20,87667,378,防災  
2020/10/20,87667,378,防災  
2020/10/20,87667,378,防災  
2020/10/20,87667,378,防災  
2020/10/20,87667,378,防災  
2020/10/20,87667,378,防災  
2020/10/20,87667,378,防災  
2020/10/20,87667,378,防災  
2020/10/20,87667,378,防災  
2020/10/20,87667,378,防災  
2020/10/20,87667,378,防災  
2020/10/20,87667,378,防災  
2020/10/20,87667,378,防災  
2020/10/20,87667,378,防災  
2020/10/20,87667,378,防災  
2020/10/20,87667,378,防災  
2020/10/20,87667,378,防災  
2020/10/20,87667,378,防災  
2020/10/20,87667,378,防災  
2020/10/20,87667,378,防災  
2020/10/20,87667,378,防災  
2020/10/20,87667,378,防災  
2020/10/20,87667,378,防災  
2020/10/20,87667,378,防災  
2020/10/20,87667,378,防災  
2020/10/20,87667,378,防災  
2020/10/20,87667,378,防災  
2020/10/20,87667,378,防災  
2020/10/20,87667,378,防災  
2020/10/20,87667,378,防災  
2020/10/20,87667,378,防災  
2020/10/20,87667,378,防災  
2020/10/20,87667,378,防災  
2020/10/20,87667,378,防災  
2020/10/20,87667,378,防災  
2020/10/20,87667,378,防災  
2020/10/20,87667,378,防災  
2020/10/20,87667,378,防災  
2020/10/20,87667,378,防災  
2020/10/20,87667,378,防災  
2020/10/20,87667,378,防災  
2020/10/20,87667,378,防災  
2020/10/20,87667,378,防災  
2020/10/20,87667,378,防災  
2020/10/20,87667,378,防災  
2020/10/20,87667,378,防災  
2020/10/20,87667,378,防災  
2020/10/20,87667,378,防災  
2020/10/20,87667,378,防災  
2020/10/20,87667,378,防災  
2020/10/20,87667,378,防災  
2020/10/20,87667,378,防災  
2020/10/20,87667,378,防災  
2020/10/20,87667,378,防災  
2020/10/20,87667,378,防災  
2020/10/20,87667,378,防災  
2020/10/20,87667,378,防災  
2020/10/20,87667,378,防災  
2020/10/20,87667,378,防災  
2020/10/20,87667,378,防災  
2020/10/20,87667,378,防災  
2020/10/20,87667,378,防災  
2020/10/20,87667,378,防災  
2020/10/20,87667,378,防災  
2020/10/20,87667,378,防災  
2020/10/20,87667,378,防災  
2020/10/20,87667,378,防災  
2020/10/20,87667,378,防災  
2020/10/20,87667,378,防災  
2020/10/20,87667,378,防災  
2020/10/20,87667,378,防災  
2020/10/20,87667,378,防災  
2020/10/20,87667,378,防災  
2020/10/20,87667,378,防災  
2020/10/20,87667,378,防災  
2020/10/20,87667,378,防災  
2020/10/20,87667,378,防災  
2020/10/20,87667,378,防災  
2020/10/20,87667,378,防災  
2020/10/20,87667,378,防災  
2020/10/20,87667,378,防災  
2020/10/20,87667,378,防災  
2020/10/20,87667,378,防災  
2020/10/20,87667,378,防災  
2020/10/20,87667,378,防災  
2020/10/20,87667,378,防災  
2020/10/20,87667,378,防災  
2020/10/20,87667,378,防災  
2020/10/20,87667,378,防災  
2020/10/20,87667,378,防災  
2020/10/20,87667,378,防災  
2020/10/20,87667,378,防災  
2020/10/20,87667,378,防災  
2020/10/20,87667,378,防災  
2020/10/20,87667,378,防災  
2020/10/20,87667,378,防災  
2020/10/20,87667,378,防災  
2020/10/20,87667,378,防災  
2020/10/20,87667,378,防災  
2020/10/20,87667,378,防災  
2020/10/20,87667,378,防災  
2020/10/20,87667,378,防災  
2020/10/20,87667,378,防災  
2020/10/20,87667,378,防災  
2020/10/20,87667,378,防災  
2020/10/20,87667,378,防災  
2020/10/20,87667,378,防災  
2020/10/20,87667,378,防災  
2020/10/20,87667,378,防災  
2020/10/20,87667,378,防災  
2020/10/20,87667,378,防災  
2020/10/20,87667,378,防災  
2020/10/20,87667,378,防災  
2020/10/20,87667,378,防災  
2020/10/20,87667,378,防災  
2020/10/20,87667,378,防災  
2020/10/20,87667,378,防災  
2020/10/20,87667,378,防災  
2020/10/20,87667,378,防災  
2020/10/20,87667,378,防災  
2020/10/20,87667,378,防災  
2020/10/20,87667,378,防災  
2020/10/20,87667,378,防災  
2020/10/20,87667,378,防災  
2020/10/20,87667,378,防災  
2020/10/20,87667,378,防災  
2020/10/20,87667,378,防災  
2020/10/20,87667,378,防災  
2020/10/20,87667,378,防災  
2020/10/20,87667,378,防災  
2020/10/20,87667,378,防災  
2020/10/20,87667,378,防災  
2020/10/20,87667,378,防災  
2020/10/20,87667,378,防災  
2020/10/20,87667,378,防災  
2020/10/20,87667,378,防災  
2020/10/20,87667,378,防災  
2020/10/20,87667,378,防災  
2020/10/20,87667,378,防災  
2020/10/20,87667,378,防災  
2020/10/20,87667,378,防災  
2020/10/20,87667,378,防災  
2020/10/20,87667,378,防災  
2020/10/20,87667,378,防災  
2020/10/20,87667,378,防災  
2020/10/20,87667,378,防災  
2020/10/20,87667,378,防災  
2020/10/20,87667,378,防災  
2020/10/20,87667,378,防災  
2020/10/20,87667,378,防災  
2020/10/20,87667,378,防災  
2020/10/20,87667,378,防災  
2020/10/20,87667,378,防災  
2020/10/20,87667,378,防災  
2020/10/20,87667,378,防災  
2020/10/20,87667,378,防災  
2020/10/20,87667,378,防災  
2020/10/20,87667,378,防災  
2020/10/20,87667,378,防災  
2020/10/20,87667,378,防災  
2020/10/20,87667,378,防災  
2020/10/20,87667,378,防災  
2020/10/20,87667,378,防災  
2020/10/20,87667,378,防災  
2020/10/20,87667,378,防災  
2020/10/20,87667,378,防災  
2020/10/20,87667,378,防災  
2020/10/20,87667,378,防災  
2020/10/20,87667,378,防災  
2020/10/20,87667,378,防災  
2020/10/20,87667,378,防災  
2020/10/20,87667,378,防災  
2020/10/20,87667,378,防災  
2020/10/20,87667,378,防災  
2020/10/20,87667,378,防災  
2020/10/20,87667,378,防災  
2020/10/20,87667,378,防災  
2020/10/20,87667,378,防災  
2020/10/20,87667,378,防災  
2020/10/20,87667,378,防災  
2020/10/20,87667,378,防災  
2020/10/20,87667,378,防災  
2020/10/20,87667,378,防災  
2020/10/20,87667,378,防災  
2020/10/20,87667,378,防災  
2020/10/20,87667,378,防災  
2020/10/20,87667,378,防災  
2020/10/20,87667,378,防災  
2020/10/20,87667,378,防災  
2020/10/20,87667,378,防災  
2020/10/20,87667,378,防災  
2020/10/20,87667,378,防災  
2020/10/20,87667,378,防災  
2020/10/20,87667,378,防災  
2020/10/20,87667,378,防災  
2020/10/20,87667,378,防災  
2020/10/20,87667,378,防災  
2020/10/20,87667,378,防災  
2020/10/20,87667,378,防災  
2020/10/20,87667,378,防災  
2020/10/20,87667,378,防災  
2020/10/20,87667,378,防災  
2020/10/20,87667,378,防災  
2020/10/20,87667,378,防災  
2020/10/20,87667,378,防災  
2020/10/20,87667,378,防災  
2020/10/20,87667,378,防災  
2020/10/20,87667,378,防災  
2020/10/20,87667,378,防災  
2020/10/20,87667,378,防災  
2020/10/20,87667,378,防災  
2020/10/20,87667,378,防災  
2020/10/20,87667,378,防災  
2020/10/20,87667,378,防災  
2020/10/20,87667,378,防災  
2020/10/20,87667,378,防災  
2020/10/20,87667,378,防災  
2020/10/20,87667,378,防災  
2020/10/20,87667,378,防災  
2020/10/20,87667,378,防災  
2020/10/20,87667,378,防災  
2020/10/20,87667,378,防災  
2020/10/20,87667,378,防災  
2020/10/20,87667,378,防災  
2020/10/20,87667,378,防災  
2020/10/20,87667,378,防災  
2020/10/20,87667,378,防災  
2020/10/20,87667,378,防災  
2020/10/20,87667,378,防災  
2020/10/20,87667,378,防災  
2020/10/20,87667,378,防災  
2020/10/20,87739,973,防災  
2020/10/20,87739,973,防災  
2020/10/20,87743,1060,防災  
2020/10/20,87743,1060,防災  
2020/10/19,87690,438,防災  
2020/10/19,87690,438,防災  
2020/10/19,87842,546,防災  
2020/10/19,87842,546,防災  
2020/10/19,87772,652,防災  
2020/10/19,87772,652,防災  
2020/10/17,87731,396,防災  
2020/10/17,87731,396,防災  
2020/10/17,87731,396,防災  
2020/10/17,87736,419,防災  
2020/10/17,87736,419,防災  
2020/10/17,87736,419,防災  
2020/10/17,87736,419,防災  
2020/10/17,87736,419,防災  
2020/10/17,87727,751,防災  
2020/10/17,87727,751,防災  
2020/10/17,87727,751,防災  
2020/10/16,87680,45,防災  
2020/10/16,87680,45,防災  
2020/10/16,87681,45,防災  
2020/10/16,87681,45,防災  
2020/10/16,87681,45,防災  
2020/10/16,87726,751,防災  
2020/10/16,87726,751,防災  
2020/10/15,87705,15,防災  
2020/10/15,87705,15,防災  
2020/10/15,87705,15,防災  
2020/10/15,87790,21,防災  
2020/10/15,87646,259,防災  
2020/10/15,87646,259,防災  
2020/10/15,87762,616,防災  
2020/10/15,87762,616,防災  
2020/10/15,87762,616,防災  
2020/10/15,87762,616,防災  
2020/10/15,87762,616,防災  
2020/10/15,87762,616,防災  
2020/10/15,87762,616,防災  
2020/10/15,87762,616,防災  
2020/10/15,87785,629,防災  
2020/10/14,87664,48,電気  
2020/10/14,87664,48,電気  
2020/10/14,87664,48,電気  
2020/10/14,87664,48,電気  
2020/10/14,87665,48,電気  
2020/10/14,87665,48,電気  
2020/10/14,87665,48,電気  
2020/10/14,87665,48,電気  
2020/10/14,87665,48,電気  
2020/10/14,87665,48,電気  
2020/10/14,87665,48,電気  
2020/10/14,87665,48,電気  
2020/10/14,87869,183,防災  
2020/10/14,87869,183,防災  
2020/10/14,87718,974,防災  
2020/10/14,87718,974,防災  
2020/10/13,87704,15,防災  
2020/10/13,87704,15,防災  
2020/10/13,87704,15,防災  
2020/10/13,87875,437,防災  
2020/10/13,87875,437,防災  
2020/10/13,87797,975,防災  
2020/10/13,87797,975,防災  
2020/10/13,87796,976,防災  
2020/10/13,87796,976,防災  
2020/10/12,87730,15,防災  
2020/10/12,87730,15,防災  
2020/10/12,87761,141,防災  
2020/10/12,87761,141,防災  
2020/10/12,87761,141,防災  
2020/10/12,87761,141,防災  
2020/10/12,87761,141,防災  
2020/10/12,87761,141,防災  
2020/10/12,87761,141,防災  
2020/10/12,87761,141,防災  
2020/10/12,87761,141,防災  
2020/10/12,87761,141,防災  
2020/10/12,87761,141,防災  
2020/10/12,87761,141,防災  
2020/10/12,87640,652,防災  
2020/10/12,87640,652,防災  
2020/10/12,87643,652,防災  
2020/10/12,87643,652,防災  
2020/10/10,87673,279,電気  
2020/10/10,87673,279,電気  
2020/10/10,87668,396,防災  
2020/10/10,87668,396,防災  
2020/10/10,87668,396,防災  
2020/10/10,87668,396,防災  
2020/10/10,87789,761,防災  
2020/10/9,87712,15,防災  
2020/10/9,87712,15,防災  
2020/10/9,87820,184,防災  
2020/10/9,87820,184,防災  
2020/10/9,87636,314,電気  
2020/10/9,87636,314,電気  
2020/10/9,87636,314,電気  
2020/10/9,87639,483,電気  
2020/10/9,87639,483,電気  
2020/10/9,87639,483,電気  
2020/10/9,87639,483,電気  
2020/10/9,87639,483,電気  
2020/10/9,87639,483,電気  
2020/10/9,87639,483,電気  
2020/10/9,87639,483,電気  
2020/10/9,87639,483,電気  
2020/10/9,87637,556,電気  
2020/10/9,87637,556,電気  
2020/10/9,87637,556,電気  
2020/10/9,87637,556,電気  
2020/10/9,87637,556,電気  
2020/10/9,87637,556,電気  
2020/10/9,87749,751,防災  
2020/10/9,87749,751,防災  
2020/10/9,87760,751,防災  
2020/10/9,87760,751,防災  
2020/10/9,87760,751,防災  
2020/10/9,87671,1056,防災  
2020/10/8,87709,15,防災  
2020/10/8,87709,15,防災  
2020/10/8,87711,15,防災  
2020/10/8,87711,15,防災  
2020/10/8,87669,36,防災  
2020/10/8,87669,36,防災  
2020/10/7,87683,65,防災  
2020/10/7,87795,494,防災  
2020/10/7,87795,494,防災  
2020/10/7,87795,494,防災  
2020/10/7,87734,592,防災  
2020/10/7,87734,592,防災  
2020/10/7,87734,592,防災  
2020/10/7,87721,728,防災  
2020/10/7,87721,728,防災  
2020/10/6,87829,38,防災  
2020/10/6,87829,38,防災  
2020/10/6,87829,38,防災  
2020/10/6,87716,185,防災  
2020/10/6,87716,185,防災  
2020/10/6,87786,433,防災  
2020/10/6,87691,438,防災  
2020/10/6,87691,438,防災  
2020/10/6,87691,438,防災  
2020/10/6,87787,582,防災  
2020/10/5,87911,1042,防災  
2020/10/5,87911,1042,防災  
2020/10/5,87635,1052,防災  
2020/10/2,87722,419,防災  
2020/10/2,87722,419,防災  
2020/10/2,87728,751,防災  
2020/10/2,87728,751,防災  
2020/10/1,87702,15,防災  
2020/10/1,87702,15,防災  
2020/10/1,87702,15,防災  
2020/9/30,87766,112,防災  
2020/9/30,87766,112,防災  
2020/9/30,87767,112,防災  
2020/9/30,87767,112,防災  
2020/9/30,87768,112,防災  
2020/9/30,87768,112,防災  
2020/9/30,87769,112,防災  
2020/9/30,87769,112,防災  
2020/9/30,87770,112,防災  
2020/9/30,87770,112,防災  
2020/9/30,87670,546,防災  
2020/9/30,87670,546,防災  
2020/9/30,87670,546,防災  
2020/9/30,87622,626,防災  
2020/9/30,87622,626,防災  
2020/9/30,87623,626,防災  
2020/9/30,87623,626,防災  
2020/9/30,87663,630,電気  
2020/9/30,87579,751,防災  
2020/9/30,87579,751,防災  
2020/9/30,87579,751,防災  
2020/9/30,87579,751,防災  
2020/9/30,87579,751,防災  
2020/9/30,87579,751,防災  
2020/9/30,87579,751,防災  
2020/9/30,87579,751,防災  
2020/9/30,87579,751,防災  
2020/9/30,87579,751,防災  
2020/9/30,87579,751,防災  
2020/9/30,87579,751,防災  
2020/9/30,87579,751,防災  
2020/9/30,87592,751,防災  
2020/9/30,87592,751,防災  
2020/9/30,87618,764,電気  
2020/9/30,87606,1053,電気  
2020/9/30,87606,1053,電気  
2020/9/30,87606,1053,電気  
2020/9/30,87606,1053,電気  
2020/9/30,87606,1053,電気  
2020/9/30,87606,1053,電気  
2020/9/30,87606,1053,電気  
2020/9/30,87606,1053,電気  
2020/9/30,87606,1053,電気  
2020/9/30,87616,1054,防災  
2020/9/30,87616,1054,防災  
2020/9/30,87616,1054,防災  
2020/9/30,87616,1054,防災  
2020/9/30,87616,1054,防災  
2020/9/29,87632,42,電気  
2020/9/29,87632,42,電気  
2020/9/29,87732,657,防災  
2020/9/29,87732,657,防災  
2020/9/29,87732,657,防災  
2020/9/29,87580,751,防災  
2020/9/29,87580,751,防災  
2020/9/29,87582,751,防災  
2020/9/29,87582,751,防災  
2020/9/29,87582,751,防災  
2020/9/29,87582,751,防災  
2020/9/29,87798,1062,防災  
2020/9/29,87798,1062,防災  
2020/9/28,87679,45,防災  
2020/9/28,87679,45,防災  
2020/9/28,87660,122,防災  
2020/9/28,87773,652,防災  
2020/9/28,87773,652,防災  
2020/9/28,87737,732,防災  
2020/9/28,87725,751,防災  
2020/9/28,87725,751,防災  
2020/9/28,87725,751,防災  
2020/9/28,87725,751,防災  
2020/9/28,87617,976,防災  
2020/9/28,87617,976,防災  
2020/9/25,87700,15,防災  
2020/9/25,87700,15,防災  
2020/9/25,87678,38,防災  
2020/9/25,87678,38,防災  
2020/9/25,87537,505,防災  
2020/9/25,87537,505,防災  
2020/9/25,87613,834,防災  
2020/9/25,87613,834,防災  
2020/9/24,87599,15,防災  
2020/9/24,87599,15,防災  
2020/9/24,87599,15,防災  
2020/9/24,87600,15,防災  
2020/9/24,87600,15,防災  
2020/9/24,87600,15,防災  
2020/9/24,87610,410,電気  
2020/9/24,87610,410,電気  
2020/9/23,87598,15,防災  
2020/9/23,87598,15,防災  
2020/9/23,87631,207,防災  
2020/9/23,87631,207,防災  
2020/9/23,87715,396,電気  
2020/9/23,87715,396,電気  
2020/9/23,87661,518,防災  
2020/9/23,87661,518,防災  
2020/9/23,87644,634,防災  
2020/9/23,87644,634,防災  
2020/9/23,87644,634,防災  
2020/9/23,87583,751,防災  
2020/9/23,87583,751,防災  
2020/9/23,87584,751,防災  
2020/9/23,87584,751,防災  
2020/9/23,87662,763,電気  
2020/9/23,87662,763,電気  
2020/9/20,87567,38,防災  
2020/9/20,87567,38,防災  
2020/9/20,87567,38,防災  
2020/9/20,87567,38,防災  
2020/9/20,87568,38,電気  
2020/9/20,87568,38,電気  
2020/9/20,87569,38,防災  
2020/9/20,87569,38,防災  
2020/9/20,87569,38,防災  
2020/9/20,87565,45,防災  
2020/9/20,87565,45,防災  
2020/9/20,87565,45,防災  
2020/9/20,87573,60,電気  
2020/9/20,87573,60,電気  
2020/9/20,87576,378,防災  
2020/9/20,87576,378,防災  
2020/9/20,87576,378,防災  
2020/9/20,87576,378,防災  
2020/9/20,87576,378,防災  
2020/9/20,87576,378,防災  
2020/9/20,87576,378,防災  
2020/9/20,87576,378,防災  
2020/9/20,87576,378,防災  
2020/9/20,87576,378,防災  
2020/9/20,87576,378,防災  
2020/9/20,87576,378,防災  
2020/9/20,87576,378,防災  
2020/9/20,87576,378,防災  
2020/9/20,87576,378,防災  
2020/9/20,87576,378,防災  
2020/9/20,87576,378,防災  
2020/9/20,87576,378,防災  
2020/9/20,87576,378,防災  
2020/9/20,87576,378,防災  
2020/9/20,87576,378,防災  
2020/9/20,87576,378,防災  
2020/9/20,87576,378,防災  
2020/9/20,87576,378,防災  
2020/9/20,87576,378,防災  
2020/9/20,87576,378,防災  
2020/9/20,87576,378,防災  
2020/9/20,87576,378,防災  
2020/9/20,87576,378,防災  
2020/9/20,87576,378,防災  
2020/9/20,87576,378,防災  
2020/9/20,87576,378,防災  
2020/9/20,87576,378,防災  
2020/9/20,87576,378,防災  
2020/9/20,87576,378,防災  
2020/9/20,87576,378,防災  
2020/9/20,87576,378,防災  
2020/9/20,87576,378,防災  
2020/9/20,87576,378,防災  
2020/9/20,87576,378,防災  
2020/9/20,87576,378,防災  
2020/9/20,87576,378,防災  
2020/9/20,87576,378,防災  
2020/9/20,87576,378,防災  
2020/9/20,87576,378,防災  
2020/9/20,87576,378,防災  
2020/9/20,87576,378,防災  
2020/9/20,87576,378,防災  
2020/9/20,87576,378,防災  
2020/9/20,87576,378,防災  
2020/9/20,87576,378,防災  
2020/9/20,87576,378,防災  
2020/9/20,87576,378,防災  
2020/9/20,87576,378,防災  
2020/9/20,87576,378,防災  
2020/9/20,87576,378,防災  
2020/9/20,87576,378,防災  
2020/9/20,87576,378,防災  
2020/9/20,87576,378,防災  
2020/9/20,87576,378,防災  
2020/9/20,87576,378,防災  
2020/9/20,87576,378,防災  
2020/9/20,87576,378,防災  
2020/9/20,87576,378,防災  
2020/9/20,87576,378,防災  
2020/9/20,87576,378,防災  
2020/9/20,87576,378,防災  
2020/9/20,87576,378,防災  
2020/9/20,87576,378,防災  
2020/9/20,87576,378,防災  
2020/9/20,87576,378,防災  
2020/9/20,87576,378,防災  
2020/9/20,87576,378,防災  
2020/9/20,87576,378,防災  
2020/9/20,87576,378,防災  
2020/9/20,87576,378,防災  
2020/9/20,87576,378,防災  
2020/9/20,87576,378,防災  
2020/9/20,87576,378,防災  
2020/9/20,87576,378,防災  
2020/9/20,87576,378,防災  
2020/9/20,87576,378,防災  
2020/9/20,87576,378,防災  
2020/9/20,87576,378,防災  
2020/9/20,87576,378,防災  
2020/9/20,87576,378,防災  
2020/9/20,87576,378,防災  
2020/9/20,87576,378,防災  
2020/9/20,87576,378,防災  
2020/9/20,87576,378,防災  
2020/9/20,87576,378,防災  
2020/9/20,87576,378,防災  
2020/9/20,87576,378,防災  
2020/9/20,87576,378,防災  
2020/9/20,87576,378,防災  
2020/9/20,87576,378,防災  
2020/9/20,87576,378,防災  
2020/9/20,87576,378,防災  
2020/9/20,87576,378,防災  
2020/9/20,87576,378,防災  
2020/9/20,87576,378,防災  
2020/9/20,87576,378,防災  
2020/9/20,87576,378,防災  
2020/9/20,87576,378,防災  
2020/9/20,87576,378,防災  
2020/9/20,87576,378,防災  
2020/9/20,87576,378,防災  
2020/9/20,87576,378,防災  
2020/9/20,87576,378,防災  
2020/9/20,87576,378,防災  
2020/9/20,87576,378,防災  
2020/9/20,87576,378,防災  
2020/9/20,87576,378,防災  
2020/9/20,87576,378,防災  
2020/9/20,87576,378,防災  
2020/9/20,87576,378,防災  
2020/9/20,87576,378,防災  
2020/9/20,87576,378,防災  
2020/9/20,87576,378,防災  
2020/9/20,87576,378,防災  
2020/9/20,87576,378,防災  
2020/9/20,87576,378,防災  
2020/9/20,87576,378,防災  
2020/9/20,87576,378,防災  
2020/9/20,87576,378,防災  
2020/9/20,87576,378,防災  
2020/9/20,87576,378,防災  
2020/9/20,87576,378,防災  
2020/9/20,87576,378,防災  
2020/9/20,87576,378,防災  
2020/9/20,87576,378,防災  
2020/9/20,87576,378,防災  
2020/9/20,87576,378,防災  
2020/9/20,87576,378,防災  
2020/9/20,87576,378,防災  
2020/9/20,87576,378,防災  
2020/9/20,87576,378,防災  
2020/9/20,87576,378,防災  
2020/9/20,87576,378,防災  
2020/9/20,87576,378,防災  
2020/9/20,87576,378,防災  
2020/9/20,87576,378,防災  
2020/9/20,87576,378,防災  
2020/9/20,87576,378,防災  
2020/9/20,87576,378,防災  
2020/9/20,87576,378,防災  
2020/9/20,87576,378,防災  
2020/9/20,87576,378,防災  
2020/9/20,87576,378,防災  
2020/9/20,87576,378,防災  
2020/9/20,87576,378,防災  
2020/9/20,87576,378,防災  
2020/9/20,87576,378,防災  
2020/9/20,87576,378,防災  
2020/9/20,87576,378,防災  
2020/9/20,87576,378,防災  
2020/9/20,87576,378,防災  
2020/9/20,87576,378,防災  
2020/9/20,87576,378,防災  
2020/9/20,87576,378,防災  
2020/9/20,87576,378,防災  
2020/9/20,87576,378,防災  
2020/9/20,87576,378,防災  
2020/9/20,87576,378,防災  
2020/9/20,87576,378,防災  
2020/9/20,87576,378,防災  
2020/9/20,87576,378,防災  
2020/9/20,87576,378,防災  
2020/9/20,87576,378,防災  
2020/9/20,87576,378,防災  
2020/9/20,87576,378,防災  
2020/9/20,87576,378,防災  
2020/9/20,87576,378,防災  
2020/9/20,87576,378,防災  
2020/9/20,87576,378,防災  
2020/9/20,87576,378,防災  
2020/9/20,87576,378,防災  
2020/9/20,87576,378,防災  
2020/9/20,87576,378,防災  
2020/9/20,87576,378,防災  
2020/9/20,87576,378,防災  
2020/9/20,87576,378,防災  
2020/9/20,87576,378,防災  
2020/9/20,87576,378,防災  
2020/9/20,87576,378,防災  
2020/9/20,87576,378,防災  
2020/9/20,87576,378,防災  
2020/9/20,87576,378,防災  
2020/9/20,87576,378,防災  
2020/9/20,87576,378,防災  
2020/9/20,87576,378,防災  
2020/9/20,87576,378,防災  
2020/9/20,87576,378,防災  
2020/9/20,87576,378,防災  
2020/9/20,87576,378,防災  
2020/9/20,87576,378,防災  
2020/9/20,87576,378,防災  
2020/9/20,87576,378,防災  
2020/9/20,87576,378,防災  
2020/9/20,87576,378,防災  
2020/9/20,87576,378,防災  
2020/9/20,87576,378,防災  
2020/9/20,87576,378,防災  
2020/9/20,87576,378,防災  
2020/9/20,87576,378,防災  
2020/9/20,87576,378,防災  
2020/9/20,87576,378,防災  
2020/9/20,87576,378,防災  
2020/9/20,87576,378,防災  
2020/9/20,87576,378,防災  
2020/9/20,87576,378,防災  
2020/9/20,87576,378,防災  
2020/9/20,87576,378,防災  
2020/9/20,87576,378,防災  
2020/9/20,87576,378,防災  
2020/9/20,87576,378,防災  
2020/9/20,87576,378,防災  
2020/9/20,87576,378,防災  
2020/9/20,87576,378,防災  
2020/9/20,87576,378,防災  
2020/9/20,87576,378,防災  
2020/9/20,87576,378,防災  
2020/9/20,87576,378,防災  
2020/9/20,87576,378,防災  
2020/9/20,87576,378,防災  
2020/9/20,87576,378,防災  
2020/9/20,87576,378,防災  
2020/9/20,87576,378,防災  
2020/9/20,87576,378,防災  
2020/9/20,87576,378,防災  
2020/9/20,87576,378,防災  
2020/9/20,87576,378,防災  
2020/9/20,87576,378,防災  
2020/9/20,87576,378,防災  
2020/9/20,87576,378,防災  
2020/9/20,87576,378,防災  
2020/9/20,87576,378,防災  
2020/9/20,87576,378,防災  
2020/9/20,87576,378,防災  
2020/9/20,87576,378,防災  
2020/9/20,87576,378,防災  
2020/9/20,87576,378,防災  
2020/9/20,87576,378,防災  
2020/9/20,87576,378,防災  
2020/9/20,87576,378,防災  
2020/9/20,87576,378,防災  
2020/9/20,87576,378,防災  
2020/9/20,87576,378,防災  
2020/9/20,87576,378,防災  
2020/9/20,87576,378,防災  
2020/9/20,87576,378,防災  
2020/9/20,87576,378,防災  
2020/9/20,87576,378,防災  
2020/9/20,87576,378,防災  
2020/9/20,87576,378,防災  
2020/9/20,87576,378,防災  
2020/9/20,87578,539,電気  
2020/9/20,87578,539,電気  
2020/9/20,87817,816,防災  
2020/9/19,87651,578,防災  
2020/9/19,87651,578,防災  
2020/9/19,87611,764,防災  
2020/9/18,87698,15,防災  
2020/9/18,87698,15,防災  
2020/9/18,87698,15,防災  
2020/9/18,87564,45,防災  
2020/9/18,87564,45,防災  
2020/9/18,87634,112,防災  
2020/9/18,87634,112,防災  
2020/9/18,87647,494,防災  
2020/9/18,87647,494,防災  
2020/9/18,87647,494,防災  
2020/9/17,87601,419,防災  
2020/9/17,87601,419,防災  
2020/9/17,87601,419,防災  
2020/9/17,87566,578,防災  
2020/9/17,87566,578,防災  
2020/9/17,87566,578,防災  
2020/9/17,87581,751,防災  
2020/9/17,87581,751,防災  
2020/9/16,87596,15,防災  
2020/9/16,87596,15,防災  
2020/9/16,87738,42,防災  
2020/9/16,87738,42,防災  
2020/9/16,87738,42,防災  
2020/9/16,87591,751,防災  
2020/9/16,87591,751,防災  
2020/9/16,87981,853,防災  
2020/9/16,87981,853,防災  
2020/9/15,87612,42,防災  
2020/9/15,87612,42,防災  
2020/9/15,87612,42,防災  
2020/9/15,87558,152,防災  
2020/9/15,87549,292,防災  
2020/9/15,87549,292,防災  
2020/9/15,87587,751,防災  
2020/9/15,87587,751,防災  
2020/9/15,87590,751,防災  
2020/9/15,87590,751,防災  
2020/9/15,87590,751,防災  
2020/9/12,87593,15,防災  
2020/9/12,87593,15,防災  
2020/9/12,87593,15,防災  
2020/9/12,87686,36,防災  
2020/9/12,87686,36,防災  
2020/9/12,87793,138,防災  
2020/9/12,87793,138,防災  
2020/9/12,87645,751,防災  
2020/9/12,87645,751,防災  
2020/9/12,87645,751,防災  
2020/9/11,87597,15,防災  
2020/9/11,87597,15,防災  
2020/9/11,87523,45,防災  
2020/9/11,87523,45,防災  
2020/9/11,87523,45,防災  
2020/9/11,87523,45,防災  
2020/9/11,87589,751,防災  
2020/9/11,87589,751,防災  
2020/9/10,87552,140,防災  
2020/9/10,87550,354,防災  
2020/9/10,87550,354,防災  
2020/9/10,87588,751,防災  
2020/9/10,87588,751,防災  
2020/9/10,87557,763,電気  
2020/9/10,87557,763,電気  
2020/9/10,87557,763,電気  
2020/9/10,87557,763,電気  
2020/9/10,87557,763,電気  
2020/9/10,87557,763,電気  
2020/9/10,87557,763,電気  
2020/9/10,87557,763,電気  
2020/9/10,87557,763,電気  
2020/9/10,87557,763,電気  
2020/9/10,87557,763,電気  
2020/9/10,87557,763,電気  
2020/9/10,87557,763,電気  
2020/9/10,87557,763,電気  
2020/9/10,87557,763,電気  
2020/9/10,87557,763,電気  
2020/9/9,87628,15,防災  
2020/9/9,87628,15,防災  
2020/9/9,87628,15,防災  
2020/9/9,87504,128,防災  
2020/9/9,87504,128,防災  
2020/9/9,87505,652,防災  
2020/9/9,87505,652,防災  
2020/9/9,87506,652,防災  
2020/9/9,87506,652,防災  
2020/9/9,87507,652,防災  
2020/9/9,87507,652,防災  
2020/9/8,87524,45,防災  
2020/9/8,87524,45,防災  
2020/9/8,87551,140,防災  
2020/9/8,87510,292,防災  
2020/9/8,87510,292,防災  
2020/9/8,87510,292,防災  
2020/9/8,87510,292,防災  
2020/9/8,87536,749,電気  
2020/9/8,87536,749,電気  
2020/9/7,87614,207,防災  
2020/9/7,87614,207,防災  
2020/9/7,87620,1055,電気  
2020/9/7,87620,1055,電気  
2020/9/7,87620,1055,電気  
2020/9/7,87620,1055,電気  
2020/9/7,87620,1055,電気  
2020/9/7,87620,1055,電気  
2020/9/7,87620,1055,電気  
2020/9/7,87620,1055,電気  
2020/9/5,87544,38,防災  
2020/9/5,87544,38,防災  
2020/9/5,87571,60,電気  
2020/9/5,87571,60,電気  
2020/9/5,87532,586,電気  
2020/9/4,87629,15,防災  
2020/9/4,87629,15,防災  
2020/9/4,87659,36,防災  
2020/9/4,87659,36,防災  
2020/9/4,87659,36,防災  
2020/9/4,87659,36,防災  
2020/9/3,87626,15,防災  
2020/9/3,87626,15,防災  
2020/9/3,87626,15,防災  
2020/9/3,87530,48,電気  
2020/9/3,87530,48,電気  
2020/9/3,87530,48,電気  
2020/9/3,87530,48,電気  
2020/9/3,87531,48,電気  
2020/9/3,87531,48,電気  
2020/9/3,87531,48,電気  
2020/9/3,87531,48,電気  
2020/9/3,87572,60,電気  
2020/9/3,87572,60,電気  
2020/9/3,87625,259,防災  
2020/9/3,87625,259,防災  
2020/9/3,87625,259,防災  
2020/9/3,87625,259,防災  
2020/9/3,87648,392,防災  
2020/9/3,87648,392,防災  
2020/9/2,87594,15,防災  
2020/9/2,87594,15,防災  
2020/9/2,87595,15,防災  
2020/9/2,87595,15,防災  
2020/9/2,87609,42,防災  
2020/9/2,87609,42,防災  
2020/9/2,87521,45,防災  
2020/9/2,87521,45,防災  
2020/9/2,87522,45,防災  
2020/9/2,87522,45,防災  
2020/9/2,87577,56,防災  
2020/9/2,87577,56,防災  
2020/9/2,87534,152,防災  
2020/9/2,87534,152,防災  
2020/9/2,87500,518,防災  
2020/9/2,87500,518,防災  
2020/9/2,87500,518,防災  
2020/9/2,87538,578,防災  
2020/9/2,87538,578,防災  
2020/9/2,87538,578,防災  
2020/9/2,87538,578,防災  
2020/9/2,87541,841,防災  
2020/9/2,87654,845,防災  
2020/9/1,87763,39,防災  
2020/9/1,87763,39,防災  
2020/9/1,87527,48,電気  
2020/9/1,87527,48,電気  
2020/9/1,87527,48,電気  
2020/9/1,87527,48,電気  
2020/9/1,87527,48,電気  
2020/9/1,87527,48,電気  
2020/9/1,87533,152,防災  
2020/9/1,87533,152,防災  
2020/9/1,87513,663,防災  
2020/9/1,87514,663,電気  
2020/9/1,87515,663,電気  
2020/9/1,87515,663,電気  
2020/8/31,87452,15,防災  
2020/8/31,87452,15,防災  
2020/8/31,87452,15,防災  
2020/8/31,87471,15,防災  
2020/8/31,87471,15,防災  
2020/8/31,87471,15,防災  
2020/8/31,87471,15,防災  
2020/8/31,87546,36,防災  
2020/8/31,87546,36,防災  
2020/8/31,87488,112,防災  
2020/8/31,87488,112,防災  
2020/8/31,87487,207,防災  
2020/8/31,87487,207,防災  
2020/8/31,87487,207,防災  
2020/8/31,87494,259,電気  
2020/8/31,87494,259,電気  
2020/8/31,87418,418,電気  
2020/8/31,87418,418,電気  
2020/8/31,87418,418,電気  
2020/8/31,87418,418,電気  
2020/8/31,87418,418,電気  
2020/8/31,87418,418,電気  
2020/8/31,87418,418,電気  
2020/8/31,87418,418,電気  
2020/8/31,87418,418,電気  
2020/8/31,87418,418,電気  
2020/8/31,87461,751,防災  
2020/8/31,87461,751,防災  
2020/8/31,87467,751,防災  
2020/8/31,87467,751,防災  
2020/8/31,87467,751,防災  
2020/8/31,87467,751,防災  
2020/8/31,87467,751,防災  
2020/8/31,87467,751,防災  
2020/8/31,87467,751,防災  
2020/8/31,87467,751,防災  
2020/8/31,87467,751,防災  
2020/8/31,87467,751,防災  
2020/8/31,87467,751,防災  
2020/8/31,87467,751,防災  
2020/8/31,87467,751,防災  
2020/8/31,87467,751,防災  
2020/8/31,87467,751,防災  
2020/8/31,87467,751,防災  
2020/8/31,87492,751,防災  
2020/8/31,87492,751,防災  
2020/8/31,87492,751,防災  
2020/8/29,87478,333,電気  
2020/8/29,87478,333,電気  
2020/8/29,87478,333,電気  
2020/8/29,87485,616,電気  
2020/8/29,87485,616,電気  
2020/8/28,87525,132,電気  
2020/8/28,87525,132,電気  
2020/8/28,87735,646,防災  
2020/8/28,87735,646,防災  
2020/8/28,87493,751,電気  
2020/8/28,87493,751,電気  
2020/8/27,87472,15,防災  
2020/8/27,87472,15,防災  
2020/8/27,87472,15,防災  
2020/8/27,87529,48,電気  
2020/8/27,87529,48,電気  
2020/8/27,87529,48,電気  
2020/8/27,87529,48,電気  
2020/8/27,87529,48,電気  
2020/8/27,87529,48,電気  
2020/8/27,87529,48,電気  
2020/8/27,87529,48,電気  
2020/8/27,87529,48,電気  
2020/8/27,87529,48,電気  
2020/8/27,87529,48,電気  
2020/8/27,87529,48,電気  
2020/8/27,87529,48,電気  
2020/8/27,87657,403,防災  
2020/8/27,87657,403,防災  
2020/8/26,87477,728,防災  
2020/8/26,87477,728,防災  
2020/8/26,87477,728,防災  
2020/8/26,87477,728,防災  
2020/8/26,87477,728,防災  
2020/8/26,87477,728,防災  
2020/8/26,87477,728,防災  
2020/8/26,87477,728,防災  
2020/8/26,87477,728,防災  
2020/8/26,87477,728,防災  
2020/8/26,87477,728,防災  
2020/8/26,87477,728,防災  
2020/8/26,87499,853,防災  
2020/8/25,87548,38,防災  
2020/8/25,87548,38,防災  
2020/8/25,87528,48,電気  
2020/8/25,87528,48,電気  
2020/8/25,87528,48,電気  
2020/8/25,87528,48,電気  
2020/8/25,87528,48,電気  
2020/8/25,87484,423,電気  
2020/8/25,87484,423,電気  
2020/8/25,87463,505,防災  
2020/8/25,87463,505,防災  
2020/8/24,87519,45,防災  
2020/8/24,87519,45,防災  
2020/8/24,87555,668,防災  
2020/8/24,87554,692,防災  
2020/8/24,87455,751,防災  
2020/8/24,87455,751,防災  
2020/8/24,87475,803,防災  
2020/8/24,87658,956,防災  
2020/8/24,87658,956,防災  
2020/8/23,87516,292,電気  
2020/8/23,87516,292,電気  
2020/8/22,87627,15,防災  
2020/8/22,87627,15,防災  
2020/8/22,87627,15,防災  
2020/8/22,87520,45,防災  
2020/8/22,87520,45,防災  
2020/8/22,87520,45,防災  
2020/8/22,87520,45,防災  
2020/8/22,87559,279,電気  
2020/8/22,87559,279,電気  
2020/8/22,87454,396,防災  
2020/8/22,87454,396,防災  
2020/8/22,87454,396,防災  
2020/8/21,87445,15,防災  
2020/8/21,87445,15,防災  
2020/8/21,87545,36,防災  
2020/8/21,87545,36,防災  
2020/8/21,87517,292,電気  
2020/8/21,87517,292,電気  
2020/8/21,87447,704,防災  
2020/8/21,87447,704,防災  
2020/8/21,87447,704,防災  
2020/8/20,87392,45,防災  
2020/8/20,87392,45,防災  
2020/8/20,87392,45,防災  
2020/8/20,87421,48,電気  
2020/8/20,87421,48,電気  
2020/8/20,87412,60,防災  
2020/8/20,87412,60,防災  
2020/8/20,87412,60,防災  
2020/8/20,87412,60,防災  
2020/8/20,87412,60,防災  
2020/8/20,87429,292,防災  
2020/8/20,87429,292,防災  
2020/8/20,87440,378,防災  
2020/8/20,87440,378,防災  
2020/8/20,87440,378,防災  
2020/8/20,87440,378,防災  
2020/8/20,87440,378,防災  
2020/8/20,87440,378,防災  
2020/8/20,87440,378,防災  
2020/8/20,87440,378,防災  
2020/8/20,87440,378,防災  
2020/8/20,87440,378,防災  
2020/8/20,87440,378,防災  
2020/8/20,87440,378,防災  
2020/8/20,87440,378,防災  
2020/8/20,87440,378,防災  
2020/8/20,87440,378,防災  
2020/8/20,87440,378,防災  
2020/8/20,87440,378,防災  
2020/8/20,87440,378,防災  
2020/8/20,87440,378,防災  
2020/8/20,87440,378,防災  
2020/8/20,87440,378,防災  
2020/8/20,87440,378,防災  
2020/8/20,87440,378,防災  
2020/8/20,87440,378,防災  
2020/8/20,87440,378,防災  
2020/8/20,87440,378,防災  
2020/8/20,87440,378,防災  
2020/8/20,87440,378,防災  
2020/8/20,87440,378,防災  
2020/8/20,87440,378,防災  
2020/8/20,87440,378,防災  
2020/8/20,87440,378,防災  
2020/8/20,87440,378,防災  
2020/8/20,87440,378,防災  
2020/8/20,87440,378,防災  
2020/8/20,87440,378,防災  
2020/8/20,87440,378,防災  
2020/8/20,87440,378,防災  
2020/8/20,87440,378,防災  
2020/8/20,87440,378,防災  
2020/8/20,87440,378,防災  
2020/8/20,87440,378,防災  
2020/8/20,87440,378,防災  
2020/8/20,87440,378,防災  
2020/8/20,87440,378,防災  
2020/8/20,87440,378,防災  
2020/8/20,87440,378,防災  
2020/8/20,87440,378,防災  
2020/8/20,87440,378,防災  
2020/8/20,87440,378,防災  
2020/8/20,87440,378,防災  
2020/8/20,87440,378,防災  
2020/8/20,87440,378,防災  
2020/8/20,87440,378,防災  
2020/8/20,87440,378,防災  
2020/8/20,87440,378,防災  
2020/8/20,87440,378,防災  
2020/8/20,87440,378,防災  
2020/8/20,87440,378,防災  
2020/8/20,87440,378,防災  
2020/8/20,87440,378,防災  
2020/8/20,87440,378,防災  
2020/8/20,87440,378,防災  
2020/8/20,87440,378,防災  
2020/8/20,87440,378,防災  
2020/8/20,87440,378,防災  
2020/8/20,87440,378,防災  
2020/8/20,87440,378,防災  
2020/8/20,87440,378,防災  
2020/8/20,87440,378,防災  
2020/8/20,87440,378,防災  
2020/8/20,87440,378,防災  
2020/8/20,87440,378,防災  
2020/8/20,87440,378,防災  
2020/8/20,87440,378,防災  
2020/8/20,87440,378,防災  
2020/8/20,87440,378,防災  
2020/8/20,87440,378,防災  
2020/8/20,87440,378,防災  
2020/8/20,87440,378,防災  
2020/8/20,87440,378,防災  
2020/8/20,87440,378,防災  
2020/8/20,87440,378,防災  
2020/8/20,87440,378,防災  
2020/8/20,87440,378,防災  
2020/8/20,87440,378,防災  
2020/8/20,87440,378,防災  
2020/8/20,87440,378,防災  
2020/8/20,87440,378,防災  
2020/8/20,87440,378,防災  
2020/8/20,87440,378,防災  
2020/8/20,87440,378,防災  
2020/8/20,87440,378,防災  
2020/8/20,87440,378,防災  
2020/8/20,87440,378,防災  
2020/8/20,87440,378,防災  
2020/8/20,87440,378,防災  
2020/8/20,87440,378,防災  
2020/8/20,87440,378,防災  
2020/8/20,87440,378,防災  
2020/8/20,87440,378,防災  
2020/8/20,87440,378,防災  
2020/8/20,87440,378,防災  
2020/8/20,87440,378,防災  
2020/8/20,87440,378,防災  
2020/8/20,87440,378,防災  
2020/8/20,87440,378,防災  
2020/8/20,87440,378,防災  
2020/8/20,87440,378,防災  
2020/8/20,87440,378,防災  
2020/8/20,87440,378,防災  
2020/8/20,87440,378,防災  
2020/8/20,87440,378,防災  
2020/8/20,87440,378,防災  
2020/8/20,87440,378,防災  
2020/8/20,87440,378,防災  
2020/8/20,87440,378,防災  
2020/8/20,87440,378,防災  
2020/8/20,87440,378,防災  
2020/8/20,87440,378,防災  
2020/8/20,87440,378,防災  
2020/8/20,87440,378,防災  
2020/8/20,87440,378,防災  
2020/8/20,87440,378,防災  
2020/8/20,87440,378,防災  
2020/8/20,87440,378,防災  
2020/8/20,87440,378,防災  
2020/8/20,87440,378,防災  
2020/8/20,87440,378,防災  
2020/8/20,87440,378,防災  
2020/8/20,87440,378,防災  
2020/8/20,87440,378,防災  
2020/8/20,87440,378,防災  
2020/8/20,87440,378,防災  
2020/8/20,87440,378,防災  
2020/8/20,87440,378,防災  
2020/8/20,87440,378,防災  
2020/8/20,87440,378,防災  
2020/8/20,87440,378,防災  
2020/8/20,87440,378,防災  
2020/8/20,87440,378,防災  
2020/8/20,87440,378,防災  
2020/8/20,87440,378,防災  
2020/8/20,87440,378,防災  
2020/8/20,87440,378,防災  
2020/8/20,87440,378,防災  
2020/8/20,87440,378,防災  
2020/8/20,87440,378,防災  
2020/8/20,87440,378,防災  
2020/8/20,87440,378,防災  
2020/8/20,87440,378,防災  
2020/8/20,87440,378,防災  
2020/8/20,87440,378,防災  
2020/8/20,87440,378,防災  
2020/8/20,87440,378,防災  
2020/8/20,87440,378,防災  
2020/8/20,87440,378,防災  
2020/8/20,87440,378,防災  
2020/8/20,87440,378,防災  
2020/8/20,87440,378,防災  
2020/8/20,87440,378,防災  
2020/8/20,87440,378,防災  
2020/8/20,87440,378,防災  
2020/8/20,87440,378,防災  
2020/8/20,87440,378,防災  
2020/8/20,87440,378,防災  
2020/8/20,87440,378,防災  
2020/8/20,87440,378,防災  
2020/8/20,87440,378,防災  
2020/8/20,87440,378,防災  
2020/8/20,87440,378,防災  
2020/8/20,87440,378,防災  
2020/8/20,87440,378,防災  
2020/8/20,87440,378,防災  
2020/8/20,87440,378,防災  
2020/8/20,87440,378,防災  
2020/8/20,87440,378,防災  
2020/8/20,87440,378,防災  
2020/8/20,87440,378,防災  
2020/8/20,87440,378,防災  
2020/8/20,87440,378,防災  
2020/8/20,87440,378,防災  
2020/8/20,87440,378,防災  
2020/8/20,87440,378,防災  
2020/8/20,87440,378,防災  
2020/8/20,87440,378,防災  
2020/8/20,87440,378,防災  
2020/8/20,87440,378,防災  
2020/8/20,87440,378,防災  
2020/8/20,87440,378,防災  
2020/8/20,87440,378,防災  
2020/8/20,87440,378,防災  
2020/8/20,87440,378,防災  
2020/8/20,87440,378,防災  
2020/8/20,87440,378,防災  
2020/8/20,87440,378,防災  
2020/8/20,87440,378,防災  
2020/8/20,87440,378,防災  
2020/8/20,87440,378,防災  
2020/8/20,87440,378,防災  
2020/8/20,87440,378,防災  
2020/8/20,87440,378,防災  
2020/8/20,87440,378,防災  
2020/8/20,87440,378,防災  
2020/8/20,87440,378,防災  
2020/8/20,87440,378,防災  
2020/8/20,87440,378,防災  
2020/8/20,87440,378,防災  
2020/8/20,87440,378,防災  
2020/8/20,87440,378,防災  
2020/8/20,87440,378,防災  
2020/8/20,87440,378,防災  
2020/8/20,87440,378,防災  
2020/8/20,87440,378,防災  
2020/8/20,87440,378,防災  
2020/8/20,87440,378,防災  
2020/8/20,87440,378,防災  
2020/8/20,87440,378,防災  
2020/8/20,87440,378,防災  
2020/8/20,87440,378,防災  
2020/8/20,87440,378,防災  
2020/8/20,87440,378,防災  
2020/8/20,87440,378,防災  
2020/8/20,87440,378,防災  
2020/8/20,87440,378,防災  
2020/8/20,87440,378,防災  
2020/8/20,87440,378,防災  
2020/8/20,87440,378,防災  
2020/8/20,87440,378,防災  
2020/8/20,87440,378,防災  
2020/8/20,87440,378,防災  
2020/8/20,87440,378,防災  
2020/8/20,87440,378,防災  
2020/8/20,87440,378,防災  
2020/8/20,87440,378,防災  
2020/8/20,87440,378,防災  
2020/8/20,87440,378,防災  
2020/8/20,87440,378,防災  
2020/8/20,87440,378,防災  
2020/8/20,87440,378,防災  
2020/8/20,87440,378,防災  
2020/8/20,87440,378,防災  
2020/8/20,87440,378,防災  
2020/8/20,87440,378,防災  
2020/8/20,87440,378,防災  
2020/8/20,87440,378,防災  
2020/8/20,87440,378,防災  
2020/8/20,87440,378,防災  
2020/8/20,87440,378,防災  
2020/8/20,87440,378,防災  
2020/8/20,87440,378,防災  
2020/8/20,87440,378,防災  
2020/8/20,87440,378,防災  
2020/8/20,87440,378,防災  
2020/8/20,87440,378,防災  
2020/8/20,87441,546,電気  
2020/8/20,87441,546,電気  
2020/8/20,87441,546,電気  
2020/8/20,87441,546,電気  
2020/8/20,87547,630,電気  
2020/8/20,87547,630,電気  
2020/8/20,87547,630,電気  
2020/8/19,87390,45,防災  
2020/8/19,87390,45,防災  
2020/8/19,87428,292,防災  
2020/8/19,87428,292,防災  
2020/8/19,87462,751,防災  
2020/8/19,87462,751,防災  
2020/8/19,87482,816,電気  
2020/8/18,87423,48,電気  
2020/8/18,87423,48,電気  
2020/8/18,87423,48,電気  
2020/8/18,87409,152,防災  
2020/8/18,87396,354,防災  
2020/8/18,87396,354,防災  
2020/8/17,87448,15,防災  
2020/8/17,87448,15,防災  
2020/8/15,87451,15,防災  
2020/8/15,87451,15,防災  
2020/8/15,87479,728,防災  
2020/8/15,87479,728,防災  
2020/8/12,87439,19,電気  
2020/8/12,87439,19,電気  
2020/8/12,87439,19,電気  
2020/8/11,87374,45,防災  
2020/8/11,87374,45,防災  
2020/8/11,87375,45,防災  
2020/8/11,87375,45,防災  
2020/8/11,87369,581,防災  
2020/8/11,87369,581,防災  
2020/8/10,87436,48,電気  
2020/8/10,87436,48,電気  
2020/8/10,87436,48,電気  
2020/8/10,87570,132,電気  
2020/8/10,87570,132,電気  
2020/8/10,87570,132,電気  
2020/8/7,87435,60,電気  
2020/8/7,87435,60,電気  
2020/8/7,87433,132,電気  
2020/8/7,87433,132,電気  
2020/8/7,87433,132,電気  
2020/8/7,87433,132,電気  
2020/8/7,87433,132,電気  
2020/8/7,87433,132,電気  
2020/8/7,87433,132,電気  
2020/8/7,87443,555,防災  
2020/8/7,87443,555,防災  
2020/8/7,87443,555,防災  
2020/8/7,87481,705,電気  
2020/8/7,87481,705,電気  
2020/8/7,87481,705,電気  
2020/8/7,87481,705,電気  
2020/8/7,87481,705,電気  
2020/8/7,87457,751,防災  
2020/8/7,87457,751,防災  
2020/8/7,87417,1051,電気  
2020/8/6,87450,15,防災  
2020/8/6,87450,15,防災  
2020/8/6,87450,15,防災  
2020/8/6,87437,38,防災  
2020/8/6,87437,38,防災  
2020/8/6,87437,38,防災  
2020/8/6,87437,38,防災  
2020/8/6,87437,38,防災  
2020/8/6,87437,38,防災  
2020/8/6,87437,38,防災  
2020/8/6,87437,38,防災  
2020/8/6,87437,38,防災  
2020/8/6,87437,38,防災  
2020/8/6,87437,38,防災  
2020/8/6,87371,634,電気  
2020/8/6,87371,634,電気  
2020/8/6,87371,634,電気  
2020/8/6,87371,634,電気  
2020/8/6,87371,634,電気  
2020/8/6,87456,751,防災  
2020/8/6,87456,751,防災  
2020/8/6,87456,751,防災  
2020/8/6,87459,751,防災  
2020/8/6,87459,751,防災  
2020/8/6,87490,751,防災  
2020/8/6,87490,751,防災  
2020/8/6,87432,763,電気  
2020/8/5,87444,15,電気  
2020/8/5,87444,15,電気  
2020/8/5,87414,38,防災  
2020/8/5,87414,38,防災  
2020/8/5,87434,38,電気  
2020/8/5,87434,38,電気  
2020/8/5,87434,38,電気  
2020/8/5,87364,131,防災  
2020/8/5,87364,131,防災  
2020/8/5,87367,639,防災  
2020/8/5,87367,639,防災  
2020/8/5,87368,639,防災  
2020/8/5,87368,639,防災  
2020/8/5,87363,652,防災  
2020/8/5,87363,652,防災  
2020/8/5,87366,652,防災  
2020/8/5,87366,652,防災  
2020/8/4,87474,15,防災  
2020/8/4,87474,15,防災  
2020/8/4,87474,15,防災  
2020/8/4,87420,48,電気  
2020/8/4,87420,48,電気  
2020/8/4,87420,48,電気  
2020/8/4,87420,48,電気  
2020/8/4,87420,48,電気  
2020/8/4,87420,48,電気  
2020/8/4,87420,48,電気  
2020/8/4,87420,48,電気  
2020/8/4,87426,48,電気  
2020/8/4,87426,48,電気  
2020/8/4,87426,48,電気  
2020/8/4,87426,48,電気  
2020/8/4,87426,48,電気  
2020/8/4,87426,48,電気  
2020/8/4,87426,48,電気  
2020/8/4,87426,48,電気  
2020/8/4,87410,433,電気  
2020/8/4,87410,433,電気  
2020/8/4,87491,751,防災  
2020/8/4,87491,751,防災  
2020/8/3,87473,15,防災  
2020/8/3,87473,15,防災  
2020/8/3,87496,15,防災  
2020/8/3,87496,15,防災  
2020/8/3,87376,45,防災  
2020/8/3,87376,45,防災  
2020/8/3,87427,582,電気  
2020/8/3,87427,582,電気  
2020/8/3,87427,582,電気  
2020/8/3,87480,705,電気  
2020/8/3,87480,705,電気  
2020/8/3,87480,705,電気  
2020/8/3,87480,705,電気  
2020/8/3,87480,705,電気  
2020/8/3,87480,705,電気  
2020/8/3,87460,751,防災  
2020/8/3,87460,751,防災  
